# Host: 185.224.138.175  (Version 5.5.5-10.4.15-MariaDB)
# Date: 2020-11-12 14:37:39
# Generator: MySQL-Front 6.0  (Build 2.20)


#
# Structure for table "tbl_attachments"
#

DROP TABLE IF EXISTS `tbl_attachments`;
CREATE TABLE `tbl_attachments` (
  `id` int(11) NOT NULL AUTO_INCREMENT,
  `name` varchar(255) COLLATE utf8mb4_unicode_ci DEFAULT NULL,
  `ref` varchar(255) COLLATE utf8mb4_unicode_ci DEFAULT NULL,
  `ref_id` int(11) DEFAULT NULL,
  `patch` varchar(255) COLLATE utf8mb4_unicode_ci DEFAULT NULL,
  `file_type` varchar(255) COLLATE utf8mb4_unicode_ci DEFAULT NULL,
  PRIMARY KEY (`id`)
) ENGINE=InnoDB AUTO_INCREMENT=206 DEFAULT CHARSET=utf8mb4 COLLATE=utf8mb4_unicode_ci;

#
# Data for table "tbl_attachments"
#

INSERT INTO `tbl_attachments` VALUES (1,'logo_dark','transactions',32,'logo_dark.png','image/png'),(2,'logo_dark1','transactions',32,'logo_dark1.png','image/png'),(3,'logo_dark2','transactions',32,'logo_dark2.png','image/png'),(4,'logo_dark3','transactions',32,'logo_dark3.png','image/png'),(5,'logo_dark4','transactions',32,'logo_dark4.png','image/png'),(6,'logo_dark5','transactions',32,'logo_dark5.png','image/png'),(7,'logo_dark6','transactions',32,'logo_dark6.png','image/png'),(8,'logo_dark7','transactions',32,'logo_dark7.png','image/png'),(9,'0','transactions',32,'0.jfif','image/jpeg'),(10,'01','transactions',32,'01.jfif','image/jpeg'),(11,'02','transactions',32,'02.jfif','image/jpeg'),(12,'03','transactions',32,'03.jfif','image/jpeg'),(13,'04','transactions',32,'04.jfif','image/jpeg'),(14,'05','transactions',32,'05.jfif','image/jpeg'),(15,'Capture','transactions',33,'Capture.PNG','image/png'),(16,'le-logo-des-jeux-olympiques-a-paris-a-ete-devoile-le-21-octobre-2019_6224316','transactions',38,'le-logo-des-jeux-olympiques-a-paris-a-ete-devoile-le-21-octobre-2019_6224316.jpeg','image/jpeg'),(17,'WhatsApp_Image_2020-10-17_at_6.46.48_PM','transactions',12,'WhatsApp_Image_2020-10-17_at_6.46.48_PM.jpeg','image/jpeg'),(18,'WhatsApp_Image_2020-10-17_at_6.46.48_PM1','transactions',12,'WhatsApp_Image_2020-10-17_at_6.46.48_PM1.jpeg','image/jpeg'),(19,'WhatsApp_Image_2020-10-17_at_6.46.48_PM','transactions',37,'WhatsApp_Image_2020-10-17_at_6.46.48_PM.jpeg','image/jpeg'),(20,'WhatsApp_Image_2020-10-18_at_1.09.22_PM','transactions',30,'WhatsApp_Image_2020-10-18_at_1.09.22_PM.jpeg','image/jpeg'),(21,'WhatsApp_Image_2020-10-17_at_6.46.48_PM','transactions',39,'WhatsApp_Image_2020-10-17_at_6.46.48_PM.jpeg','image/jpeg'),(22,'Screenshot_20201017-194738','transactions',25,'Screenshot_20201017-194738.png','image/png'),(23,'WhatsApp_Image_2020-10-18_at_4.25.44_PM','transactions',27,'WhatsApp_Image_2020-10-18_at_4.25.44_PM.jpeg','image/jpeg'),(24,'WhatsApp_Image_2020-10-18_at_7.45.14_PM','transactions',40,'WhatsApp_Image_2020-10-18_at_7.45.14_PM.jpeg','image/jpeg'),(25,'WhatsApp_Image_2020-10-17_at_6.46.48_PM','transactions',29,'WhatsApp_Image_2020-10-17_at_6.46.48_PM.jpeg','image/jpeg'),(26,'WhatsApp_Image_2020-10-17_at_6.46.48_PM','transactions',41,'WhatsApp_Image_2020-10-17_at_6.46.48_PM.jpeg','image/jpeg'),(27,'WhatsApp_Image_2020-10-17_at_6.46.48_PM','transactions',43,'WhatsApp_Image_2020-10-17_at_6.46.48_PM.jpeg','image/jpeg'),(28,'Capture','transactions',47,'Capture.PNG','image/png'),(29,'logo-UNICEF','transactions',47,'logo-UNICEF.jpg','image/jpeg'),(30,'Capture1','transactions',47,'Capture1.PNG','image/png'),(31,'logo-UNICEF1','transactions',47,'logo-UNICEF1.jpg','image/jpeg'),(32,'5142','transactions',24,'5142.jpg','image/jpeg'),(33,'IMG-20201019-WA0136','transactions',48,'IMG-20201019-WA0136.jpg','image/jpeg'),(34,'Screenshot_20201019-102118_WhatsApp','transactions',44,'Screenshot_20201019-102118_WhatsApp.jpg','image/jpeg'),(35,'Screenshot_20201019-102118_WhatsApp','transactions',7,'Screenshot_20201019-102118_WhatsApp.jpg','image/jpeg'),(36,'IMG-20201019-WA0150','transactions',50,'IMG-20201019-WA0150.jpg','image/jpeg'),(37,'IMG-20201019-WA0154','transactions',52,'IMG-20201019-WA0154.jpg','image/jpeg'),(38,'IMG-20201019-WA0005','transactions',51,'IMG-20201019-WA0005.jpg','image/jpeg'),(39,'IMG-20201019-WA0171','transactions',53,'IMG-20201019-WA0171.jpg','image/jpeg'),(40,'IMG-20201019-WA0183','transactions',54,'IMG-20201019-WA0183.jpg','image/jpeg'),(41,'IMG-20201019-WA0081','transactions',22,'IMG-20201019-WA0081.jpg','image/jpeg'),(42,'WhatsApp_Image_2020-10-17_at_23.51.37','transactions',56,'WhatsApp_Image_2020-10-17_at_23.51.37.jpeg','image/jpeg'),(43,'Screenshot_20201019-222047_Gallery','transactions',57,'Screenshot_20201019-222047_Gallery.jpg','image/jpeg'),(44,'Screenshot_20201020-110534_WhatsApp','transactions',67,'Screenshot_20201020-110534_WhatsApp.jpg','image/jpeg'),(45,'Screenshot_20201020-110522_WhatsApp','transactions',66,'Screenshot_20201020-110522_WhatsApp.jpg','image/jpeg'),(46,'Screenshot_20201020-130223_WhatsApp','transactions',69,'Screenshot_20201020-130223_WhatsApp.jpg','image/jpeg'),(47,'Screenshot_20201020-130623_WhatsApp','transactions',68,'Screenshot_20201020-130623_WhatsApp.jpg','image/jpeg'),(48,'WhatsApp_Image_2020-10-17_at_6.46.48_PM','transactions',58,'WhatsApp_Image_2020-10-17_at_6.46.48_PM.jpeg','image/jpeg'),(49,'WhatsApp_Image_2020-10-17_at_6.46.48_PM1','transactions',58,'WhatsApp_Image_2020-10-17_at_6.46.48_PM1.jpeg','image/jpeg'),(50,'WhatsApp_Image_2020-10-17_at_6.46.48_PM','transactions',59,'WhatsApp_Image_2020-10-17_at_6.46.48_PM.jpeg','image/jpeg'),(51,'Screenshot_20201020-154757_WhatsApp','transactions',70,'Screenshot_20201020-154757_WhatsApp.jpg','image/jpeg'),(52,'Screenshot_20201020-154409_WhatsApp','transactions',72,'Screenshot_20201020-154409_WhatsApp.jpg','image/jpeg'),(53,'IMG-20201020-WA0046','transactions',74,'IMG-20201020-WA0046.jpg','image/jpeg'),(54,'Screenshot_20201020-202051_WhatsApp','transactions',78,'Screenshot_20201020-202051_WhatsApp.jpg','image/jpeg'),(55,'Screenshot_20201020-202816_WhatsApp','transactions',79,'Screenshot_20201020-202816_WhatsApp.jpg','image/jpeg'),(56,'Screenshot_20201020-202816_WhatsApp','transactions',80,'Screenshot_20201020-202816_WhatsApp.jpg','image/jpeg'),(57,'Screenshot_20201021-041513_WhatsApp','transactions',81,'Screenshot_20201021-041513_WhatsApp.jpg','image/jpeg'),(58,'Screenshot_20201021-041513_WhatsApp1','transactions',81,'Screenshot_20201021-041513_WhatsApp1.jpg','image/jpeg'),(59,'Screenshot_20201021-041513_WhatsApp','transactions',82,'Screenshot_20201021-041513_WhatsApp.jpg','image/jpeg'),(60,'Screenshot_20201021-042346_WhatsApp','transactions',73,'Screenshot_20201021-042346_WhatsApp.jpg','image/jpeg'),(61,'Screenshot_20201021-042346_WhatsApp1','transactions',73,'Screenshot_20201021-042346_WhatsApp1.jpg','image/jpeg'),(62,'IMG-20201021-WA0001','transactions',75,'IMG-20201021-WA0001.jpg','image/jpeg'),(63,'WhatsApp_Image_2020-10-17_at_23.51.37','transactions',85,'WhatsApp_Image_2020-10-17_at_23.51.37.jpeg','image/jpeg'),(64,'WhatsApp_Image_2020-10-17_at_23.51.37','transactions',84,'WhatsApp_Image_2020-10-17_at_23.51.37.jpeg','image/jpeg'),(65,'Screenshot_20201021-085941_WhatsApp','transactions',46,'Screenshot_20201021-085941_WhatsApp.jpg','image/jpeg'),(66,'IMG-20201021-WA0001','transactions',87,'IMG-20201021-WA0001.jpg','image/jpeg'),(67,'Screenshot_20201021-114613_WhatsApp','transactions',86,'Screenshot_20201021-114613_WhatsApp.jpg','image/jpeg'),(68,'Screenshot_20201021-133837_WhatsApp','transactions',93,'Screenshot_20201021-133837_WhatsApp.jpg','image/jpeg'),(69,'Screenshot_20201021-134107_WhatsApp','transactions',88,'Screenshot_20201021-134107_WhatsApp.jpg','image/jpeg'),(70,'IMG-20201021-WA0035','transactions',91,'IMG-20201021-WA0035.jpg','image/jpeg'),(71,'Screenshot_20201021-140656_WhatsApp','transactions',95,'Screenshot_20201021-140656_WhatsApp.jpg','image/jpeg'),(72,'Screenshot_20201021-140806_WhatsApp','transactions',97,'Screenshot_20201021-140806_WhatsApp.jpg','image/jpeg'),(73,'IMG-20201021-WA0037','transactions',89,'IMG-20201021-WA0037.jpg','image/jpeg'),(74,'Screenshot_20201021-133907','transactions',101,'Screenshot_20201021-133907.png','image/png'),(75,'Screenshot_20201021-145350_WhatsApp','transactions',100,'Screenshot_20201021-145350_WhatsApp.jpg','image/jpeg'),(76,'Screenshot_20201021-145556_WhatsApp','transactions',96,'Screenshot_20201021-145556_WhatsApp.jpg','image/jpeg'),(77,'Screenshot_20201021-160938_Gallery','transactions',107,'Screenshot_20201021-160938_Gallery.jpg','image/jpeg'),(78,'Screenshot_20201021-160938_Gallery','transactions',106,'Screenshot_20201021-160938_Gallery.jpg','image/jpeg'),(79,'IMG-20201021-WA0085','transactions',112,'IMG-20201021-WA0085.jpg','image/jpeg'),(80,'IMG-20201021-WA0085','transactions',71,'IMG-20201021-WA0085.jpg','image/jpeg'),(81,'IMG-20201021-WA0085','transactions',114,'IMG-20201021-WA0085.jpg','image/jpeg'),(82,'IMG-20201021-WA0090','transactions',115,'IMG-20201021-WA0090.jpg','image/jpeg'),(83,'IMG-20201021-WA0107','transactions',109,'IMG-20201021-WA0107.jpg','image/jpeg'),(84,'IMG-20201021-WA0084','transactions',102,'IMG-20201021-WA0084.jpg','image/jpeg'),(85,'WhatsApp_Image_2020-10-21_at_3.39.49_PM','transactions',104,'WhatsApp_Image_2020-10-21_at_3.39.49_PM.jpeg','image/jpeg'),(86,'WhatsApp_Image_2020-10-21_at_4.50.01_PM','transactions',99,'WhatsApp_Image_2020-10-21_at_4.50.01_PM.jpeg','image/jpeg'),(87,'IMG-20201021-WA0085','transactions',117,'IMG-20201021-WA0085.jpg','image/jpeg'),(88,'IMG-20201021-WA0085','transactions',120,'IMG-20201021-WA0085.jpg','image/jpeg'),(89,'IMG-20201021-WA0098','transactions',116,'IMG-20201021-WA0098.jpg','image/jpeg'),(90,'WhatsApp_Image_2020-10-21_at_8.11.25_PM','transactions',118,'WhatsApp_Image_2020-10-21_at_8.11.25_PM.jpeg','image/jpeg'),(91,'IMG-20201021-WA0107','transactions',127,'IMG-20201021-WA0107.jpg','image/jpeg'),(92,'Screenshot_20201021-151130','transactions',130,'Screenshot_20201021-151130.png','image/png'),(93,'Screenshot_20201021-1511301','transactions',130,'Screenshot_20201021-1511301.png','image/png'),(94,'IMG-20201021-WA0124','transactions',131,'IMG-20201021-WA0124.jpg','image/jpeg'),(95,'Screenshot_20201021-210327_Messages','transactions',128,'Screenshot_20201021-210327_Messages.jpg','image/jpeg'),(96,'Screenshot_20201021-210311_Messages','transactions',125,'Screenshot_20201021-210311_Messages.jpg','image/jpeg'),(97,'Screenshot_20201021-210628_WhatsApp','transactions',132,'Screenshot_20201021-210628_WhatsApp.jpg','image/jpeg'),(98,'Screenshot_20201021-211017','transactions',110,'Screenshot_20201021-211017.png','image/png'),(99,'1603310498572_0_IMG-20201021-WA0167','transactions',129,'1603310498572_0_IMG-20201021-WA0167.jpg','image/jpeg'),(100,'Screenshot_20201021-211925_WhatsApp','transactions',123,'Screenshot_20201021-211925_WhatsApp.jpg','image/jpeg'),(101,'Screenshot_20201021-212025_Chrome','transactions',124,'Screenshot_20201021-212025_Chrome.jpg','image/jpeg'),(102,'Screenshot_20201021-212135_Chrome','transactions',126,'Screenshot_20201021-212135_Chrome.jpg','image/jpeg'),(103,'IMG-20201021-WA0134','transactions',119,'IMG-20201021-WA0134.jpg','image/jpeg'),(104,'WhatsApp_Image_2020-10-21_at_20.37.53','transactions',121,'WhatsApp_Image_2020-10-21_at_20.37.53.jpeg','image/jpeg'),(105,'WhatsApp_Image_2020-10-21_at_10.06.13_PM','transactions',105,'WhatsApp_Image_2020-10-21_at_10.06.13_PM.jpeg','image/jpeg'),(106,'WhatsApp_Image_2020-10-21_at_21.06.03','transactions',141,'WhatsApp_Image_2020-10-21_at_21.06.03.jpeg','image/jpeg'),(107,'WhatsApp_Image_2020-10-21_at_21.06.03','transactions',150,'WhatsApp_Image_2020-10-21_at_21.06.03.jpeg','image/jpeg'),(108,'IMG_20201021_234854_0_1603324239488_1603324304702','transactions',140,'IMG_20201021_234854_0_1603324239488_1603324304702.jpg','image/jpeg'),(109,'WhatsApp_Image_2020-10-21_at_21.06.03','transactions',152,'WhatsApp_Image_2020-10-21_at_21.06.03.jpeg','image/jpeg'),(110,'financial_freedom','transactions',65,'financial_freedom.jpeg','image/jpeg'),(111,'financial_freedom','transactions',64,'financial_freedom.jpeg','image/jpeg'),(112,'Screenshot_20201022-040729_WhatsApp','transactions',142,'Screenshot_20201022-040729_WhatsApp.jpg','image/jpeg'),(113,'Screenshot_20201022-040711_WhatsApp','transactions',144,'Screenshot_20201022-040711_WhatsApp.jpg','image/jpeg'),(114,'Screenshot_20201022-041505_WhatsApp','transactions',139,'Screenshot_20201022-041505_WhatsApp.jpg','image/jpeg'),(115,'Screenshot_20201022-041847_WhatsApp','transactions',146,'Screenshot_20201022-041847_WhatsApp.jpg','image/jpeg'),(116,'Screenshot_20201022-043209_WhatsApp','transactions',151,'Screenshot_20201022-043209_WhatsApp.jpg','image/jpeg'),(117,'Screenshot_20201022-043730_WhatsApp','transactions',113,'Screenshot_20201022-043730_WhatsApp.jpg','image/jpeg'),(118,'IMG-20201022-WA0041','transactions',149,'IMG-20201022-WA0041.jpg','image/jpeg'),(119,'WhatsApp_Image_2020-10-21_at_21.06.03','transactions',153,'WhatsApp_Image_2020-10-21_at_21.06.03.jpeg','image/jpeg'),(120,'WhatsApp_Image_2020-10-21_at_21.06.03','transactions',154,'WhatsApp_Image_2020-10-21_at_21.06.03.jpeg','image/jpeg'),(121,'Screenshot_20201021-220327','transactions',156,'Screenshot_20201021-220327.png','image/png'),(122,'WhatsApp_Image_2020-10-21_at_21.06.03','transactions',157,'WhatsApp_Image_2020-10-21_at_21.06.03.jpeg','image/jpeg'),(123,'WhatsApp_Image_2020-10-21_at_21.16.31','transactions',134,'WhatsApp_Image_2020-10-21_at_21.16.31.jpeg','image/jpeg'),(124,'WhatsApp_Image_2020-10-21_at_21.06.03','transactions',158,'WhatsApp_Image_2020-10-21_at_21.06.03.jpeg','image/jpeg'),(125,'WhatsApp_Image_2020-10-21_at_21.06.03','transactions',136,'WhatsApp_Image_2020-10-21_at_21.06.03.jpeg','image/jpeg'),(126,'WhatsApp_Image_2020-10-21_at_21.06.03','transactions',155,'WhatsApp_Image_2020-10-21_at_21.06.03.jpeg','image/jpeg'),(127,'IMG-20201021-WA0012','transactions',45,'IMG-20201021-WA0012.jpg','image/jpeg'),(128,'WhatsApp_Image_2020-10-21_at_21.06.03','transactions',133,'WhatsApp_Image_2020-10-21_at_21.06.03.jpeg','image/jpeg'),(129,'WhatsApp_Image_2020-10-21_at_21.06.03','transactions',108,'WhatsApp_Image_2020-10-21_at_21.06.03.jpeg','image/jpeg'),(130,'IMG-20201022-WA0019','transactions',8,'IMG-20201022-WA0019.jpg','image/jpeg'),(131,'IMG-20201022-WA00191','transactions',8,'IMG-20201022-WA00191.jpg','image/jpeg'),(132,'Screenshot_20201022-185512_WhatsApp','transactions',162,'Screenshot_20201022-185512_WhatsApp.jpg','image/jpeg'),(133,'WhatsApp_Image_2020-10-21_at_21.06.03','transactions',160,'WhatsApp_Image_2020-10-21_at_21.06.03.jpeg','image/jpeg'),(134,'WhatsApp_Image_2020-10-22_at_7.54.21_PM','transactions',164,'WhatsApp_Image_2020-10-22_at_7.54.21_PM.jpeg','image/jpeg'),(135,'Screenshot_20201022-205447_WhatsApp','transactions',165,'Screenshot_20201022-205447_WhatsApp.jpg','image/jpeg'),(136,'logo-UNICEF','transactions',166,'logo-UNICEF.jpg','image/jpeg'),(137,'logo-UNICEF','transactions',147,'logo-UNICEF.jpg','image/jpeg'),(138,'Screenshot_20201022-215345_WhatsApp','transactions',167,'Screenshot_20201022-215345_WhatsApp.jpg','image/jpeg'),(139,'logo-UNICEF1','transactions',147,'logo-UNICEF1.jpg','image/jpeg'),(140,'Capture','transactions',168,'Capture.PNG','image/png'),(141,'Capture','transactions',171,'Capture.PNG','image/png'),(142,'Capture1','transactions',171,'Capture1.PNG','image/png'),(143,'WhatsApp_Image_2020-10-21_at_21.06.03','transactions',176,'WhatsApp_Image_2020-10-21_at_21.06.03.jpeg','image/jpeg'),(144,'WhatsApp_Image_2020-10-21_at_21.06.03','transactions',169,'WhatsApp_Image_2020-10-21_at_21.06.03.jpeg','image/jpeg'),(145,'WhatsApp_Image_2020-10-21_at_21.06.031','transactions',169,'WhatsApp_Image_2020-10-21_at_21.06.031.jpeg','image/jpeg'),(146,'WhatsApp_Image_2020-10-21_at_21.06.03','transactions',159,'WhatsApp_Image_2020-10-21_at_21.06.03.jpeg','image/jpeg'),(147,'WhatsApp_Image_2020-10-21_at_21.06.03','transactions',177,'WhatsApp_Image_2020-10-21_at_21.06.03.jpeg','image/jpeg'),(148,'WhatsApp_Image_2020-10-21_at_21.06.03','transactions',170,'WhatsApp_Image_2020-10-21_at_21.06.03.jpeg','image/jpeg'),(149,'WhatsApp_Image_2020-10-21_at_21.06.03','transactions',178,'WhatsApp_Image_2020-10-21_at_21.06.03.jpeg','image/jpeg'),(150,'WhatsApp_Image_2020-10-21_at_21.06.03','transactions',143,'WhatsApp_Image_2020-10-21_at_21.06.03.jpeg','image/jpeg'),(151,'WhatsApp_Image_2020-10-21_at_21.06.03','transactions',61,'WhatsApp_Image_2020-10-21_at_21.06.03.jpeg','image/jpeg'),(152,'WhatsApp_Image_2020-10-21_at_21.06.03','transactions',60,'WhatsApp_Image_2020-10-21_at_21.06.03.jpeg','image/jpeg'),(153,'WhatsApp_Image_2020-10-21_at_21.06.03','transactions',62,'WhatsApp_Image_2020-10-21_at_21.06.03.jpeg','image/jpeg'),(154,'WhatsApp_Image_2020-10-21_at_21.06.03','transactions',180,'WhatsApp_Image_2020-10-21_at_21.06.03.jpeg','image/jpeg'),(155,'WhatsApp_Image_2020-10-21_at_21.06.03','transactions',181,'WhatsApp_Image_2020-10-21_at_21.06.03.jpeg','image/jpeg'),(156,'GTWorld_-_Transaction_Receipt','transactions',182,'GTWorld_-_Transaction_Receipt.pdf','application/pdf'),(157,'Capture','transactions',191,'Capture.PNG','image/png'),(158,'Capture1','transactions',191,'Capture1.PNG','image/png'),(159,'logo-UNICEF','transactions',191,'logo-UNICEF.jpg','image/jpeg'),(160,'le-logo-des-jeux-olympiques-a-paris-a-ete-devoile-le-21-octobre-2019_6224316','transactions',191,'le-logo-des-jeux-olympiques-a-paris-a-ete-devoile-le-21-octobre-2019_6224316.jpeg','image/jpeg'),(161,'WhatsApp_Image_2020-10-21_at_21.06.03','transactions',192,'WhatsApp_Image_2020-10-21_at_21.06.03.jpeg','image/jpeg'),(162,'Screenshot_20201023-160220_WhatsApp','transactions',175,'Screenshot_20201023-160220_WhatsApp.jpg','image/jpeg'),(163,'Screenshot_20201023-160341_Chrome','transactions',173,'Screenshot_20201023-160341_Chrome.jpg','image/jpeg'),(164,'Screenshot_20201023-160341_Chrome','transactions',174,'Screenshot_20201023-160341_Chrome.jpg','image/jpeg'),(165,'WhatsApp_Image_2020-10-21_at_21.06.03','transactions',194,'WhatsApp_Image_2020-10-21_at_21.06.03.jpeg','image/jpeg'),(166,'WhatsApp_Image_2020-10-23_at_3.39.44_PM','transactions',193,'WhatsApp_Image_2020-10-23_at_3.39.44_PM.jpeg','image/jpeg'),(167,'WhatsApp_Image_2020-10-23_at_6.57.54_PM','transactions',195,'WhatsApp_Image_2020-10-23_at_6.57.54_PM.jpeg','image/jpeg'),(168,'WhatsApp_Image_2020-10-21_at_21.06.03','transactions',196,'WhatsApp_Image_2020-10-21_at_21.06.03.jpeg','image/jpeg'),(169,'MuteOlori','transactions',163,'MuteOlori.PNG','image/png'),(170,'IMG-20201023-WA0108','transactions',197,'IMG-20201023-WA0108.jpg','image/jpeg'),(171,'WhatsApp_Image_2020-10-21_at_21.06.03','transactions',200,'WhatsApp_Image_2020-10-21_at_21.06.03.jpeg','image/jpeg'),(172,'WhatsApp_Image_2020-10-21_at_21.06.03','transactions',199,'WhatsApp_Image_2020-10-21_at_21.06.03.jpeg','image/jpeg'),(173,'Screenshot_20201024-201239_WhatsApp','transactions',201,'Screenshot_20201024-201239_WhatsApp.jpg','image/jpeg'),(174,'IMG-20201022-WA0208','transactions',179,'IMG-20201022-WA0208.jpg','image/jpeg'),(175,'WhatsApp_Image_2020-10-21_at_21.06.03','transactions',183,'WhatsApp_Image_2020-10-21_at_21.06.03.jpeg','image/jpeg'),(176,'Screenshot_20201025-133355_WhatsApp','transactions',202,'Screenshot_20201025-133355_WhatsApp.jpg','image/jpeg'),(177,'IMG-20201024-WA0033','transactions',204,'IMG-20201024-WA0033.jpg','image/jpeg'),(178,'IMG-20201025-WA0003','transactions',205,'IMG-20201025-WA0003.jpg','image/jpeg'),(179,'WhatsApp_Image_2020-10-26_at_03.27.25','transactions',203,'WhatsApp_Image_2020-10-26_at_03.27.25.jpeg','image/jpeg'),(180,'WhatsApp_Image_2020-10-26_at_03.27.25','transactions',206,'WhatsApp_Image_2020-10-26_at_03.27.25.jpeg','image/jpeg'),(181,'Screenshot_20201026-225252_WhatsApp','transactions',213,'Screenshot_20201026-225252_WhatsApp.jpg','image/jpeg'),(182,'Screenshot_20201026-225252_WhatsApp','transactions',208,'Screenshot_20201026-225252_WhatsApp.jpg','image/jpeg'),(183,'Screenshot_20201026-225252_WhatsApp','transactions',209,'Screenshot_20201026-225252_WhatsApp.jpg','image/jpeg'),(184,'Screenshot_20201026-233238_WhatsApp','transactions',211,'Screenshot_20201026-233238_WhatsApp.jpg','image/jpeg'),(185,'VID-20201013-WA0067','transactions',214,'VID-20201013-WA0067.mp4','application/octet-stream'),(186,'Screenshot_20201027-041700_WhatsApp','transactions',212,'Screenshot_20201027-041700_WhatsApp.jpg','image/jpeg'),(187,'Screenshot_20201027-041700_WhatsApp1','transactions',212,'Screenshot_20201027-041700_WhatsApp1.jpg','image/jpeg'),(188,'WhatsApp_Image_2020-10-26_at_03.27.25','transactions',207,'WhatsApp_Image_2020-10-26_at_03.27.25.jpeg','image/jpeg'),(189,'Screenshot_20201027-203209_WhatsApp','transactions',218,'Screenshot_20201027-203209_WhatsApp.jpg','image/jpeg'),(190,'Screenshot_20201027-203209_WhatsApp1','transactions',218,'Screenshot_20201027-203209_WhatsApp1.jpg','image/jpeg'),(191,'Screenshot_20201027-210043_WhatsApp','transactions',219,'Screenshot_20201027-210043_WhatsApp.jpg','image/jpeg'),(192,'Capture','transactions',217,'Capture.PNG','image/png'),(193,'Screenshot_20201027-212858_WhatsApp','transactions',222,'Screenshot_20201027-212858_WhatsApp.jpg','image/jpeg'),(194,'Screenshot_20201027-213100_WhatsApp','transactions',221,'Screenshot_20201027-213100_WhatsApp.jpg','image/jpeg'),(195,'WhatsApp_Image_2020-10-26_at_03.27.25','transactions',223,'WhatsApp_Image_2020-10-26_at_03.27.25.jpeg','image/jpeg'),(196,'WhatsApp_Image_2020-10-26_at_03.27.25','transactions',216,'WhatsApp_Image_2020-10-26_at_03.27.25.jpeg','image/jpeg'),(197,'WhatsApp_Image_2020-10-26_at_03.27.25','transactions',215,'WhatsApp_Image_2020-10-26_at_03.27.25.jpeg','image/jpeg'),(198,'Screenshot_20201028-161349_WhatsApp','transactions',226,'Screenshot_20201028-161349_WhatsApp.jpg','image/jpeg'),(199,'Screenshot_20201028-162846_WhatsApp','transactions',220,'Screenshot_20201028-162846_WhatsApp.jpg','image/jpeg'),(200,'Screenshot_20201028-222449_WhatsApp','transactions',227,'Screenshot_20201028-222449_WhatsApp.jpg','image/jpeg'),(201,'WhatsApp_Image_2020-10-28_at_23.13.13','transactions',225,'WhatsApp_Image_2020-10-28_at_23.13.13.jpeg','image/jpeg'),(202,'Screenshot_20201029-040213_WhatsApp','transactions',228,'Screenshot_20201029-040213_WhatsApp.jpg','image/jpeg'),(203,'WhatsApp_Image_2020-10-28_at_23.13.13','transactions',229,'WhatsApp_Image_2020-10-28_at_23.13.13.jpeg','image/jpeg'),(204,'WhatsApp_Image_2020-10-28_at_23.13.13','transactions',230,'WhatsApp_Image_2020-10-28_at_23.13.13.jpeg','image/jpeg'),(205,'WhatsApp_Image_2020-10-28_at_23.13.13','transactions',231,'WhatsApp_Image_2020-10-28_at_23.13.13.jpeg','image/jpeg');

#
# Structure for table "tbl_cluster"
#

DROP TABLE IF EXISTS `tbl_cluster`;
CREATE TABLE `tbl_cluster` (
  `id` int(11) NOT NULL AUTO_INCREMENT,
  `name` varchar(255) COLLATE utf8mb4_unicode_ci DEFAULT NULL,
  PRIMARY KEY (`id`)
) ENGINE=InnoDB AUTO_INCREMENT=13 DEFAULT CHARSET=utf8mb4 COLLATE=utf8mb4_unicode_ci;

#
# Data for table "tbl_cluster"
#

INSERT INTO `tbl_cluster` VALUES (1,'ARNAUD'),(2,'MIKE'),(3,'GWLADYS'),(4,'ALAIN'),(5,'AUDREY'),(6,'TUNDE'),(7,'SIMON'),(8,'STEPHANY'),(9,'GAELLE'),(10,'NORA'),(11,'ARNOLD'),(12,'RAPH');

#
# Structure for table "tbl_country"
#

DROP TABLE IF EXISTS `tbl_country`;
CREATE TABLE `tbl_country` (
  `id` int(11) NOT NULL AUTO_INCREMENT,
  `iso` char(2) NOT NULL,
  `name` varchar(80) NOT NULL,
  `nicename` varchar(80) NOT NULL,
  `iso3` char(3) DEFAULT NULL,
  `numcode` smallint(6) DEFAULT NULL,
  `phonecode` int(5) NOT NULL,
  `active` int(1) DEFAULT 0,
  `account_bank` text DEFAULT NULL,
  PRIMARY KEY (`id`)
) ENGINE=MyISAM AUTO_INCREMENT=254 DEFAULT CHARSET=latin1;

#
# Data for table "tbl_country"
#

/*!40000 ALTER TABLE `tbl_country` DISABLE KEYS */;
INSERT INTO `tbl_country` VALUES (1,'AF','AFGHANISTAN','Afghanistan','AFG',4,93,1,NULL),(2,'AL','ALBANIA','Albania','ALB',8,355,1,NULL),(3,'DZ','ALGERIA','Algeria','DZA',12,213,1,NULL),(4,'AS','AMERICAN SAMOA','American Samoa','ASM',16,1684,1,NULL),(5,'AD','ANDORRA','Andorra','AND',20,376,1,NULL),(6,'AO','ANGOLA','Angola','AGO',24,244,1,NULL),(7,'AI','ANGUILLA','Anguilla','AIA',660,1264,1,NULL),(8,'AQ','ANTARCTICA','Antarctica','ATA',NULL,672,1,NULL),(9,'AG','ANTIGUA AND BARBUDA','Antigua and Barbuda','ATG',28,1268,1,NULL),(10,'AR','ARGENTINA','Argentina','ARG',32,54,0,NULL),(11,'AM','ARMENIA','Armenia','ARM',51,374,0,NULL),(12,'AW','ARUBA','Aruba','ABW',533,297,0,NULL),(13,'AU','AUSTRALIA','Australia','AUS',36,61,0,NULL),(14,'AT','AUSTRIA','Austria','AUT',40,43,0,NULL),(15,'AZ','AZERBAIJAN','Azerbaijan','AZE',31,994,0,NULL),(16,'BS','BAHAMAS','Bahamas','BHS',44,1242,0,NULL),(17,'BH','BAHRAIN','Bahrain','BHR',48,973,0,NULL),(18,'BD','BANGLADESH','Bangladesh','BGD',50,880,0,NULL),(19,'BB','BARBADOS','Barbados','BRB',52,1246,0,NULL),(20,'BY','BELARUS','Belarus','BLR',112,375,0,NULL),(21,'BE','BELGIUM','Belgium','BEL',56,32,0,NULL),(22,'BZ','BELIZE','Belize','BLZ',84,501,0,NULL),(23,'BJ','BENIN','Benin','BEN',204,229,0,NULL),(24,'BM','BERMUDA','Bermuda','BMU',60,1441,0,NULL),(25,'BT','BHUTAN','Bhutan','BTN',64,975,0,NULL),(26,'BO','BOLIVIA','Bolivia','BOL',68,591,0,NULL),(27,'BA','BOSNIA AND HERZEGOVINA','Bosnia and Herzegovina','BIH',70,387,0,NULL),(28,'BW','BOTSWANA','Botswana','BWA',72,267,0,NULL),(29,'BV','BOUVET ISLAND','Bouvet Island','BVT',NULL,47,0,NULL),(30,'BR','BRAZIL','Brazil','BRA',76,55,0,NULL),(31,'IO','BRITISH INDIAN OCEAN TERRITORY','British Indian Ocean Territory','IOT',NULL,246,0,NULL),(32,'BN','BRUNEI DARUSSALAM','Brunei Darussalam','BRN',96,673,0,NULL),(33,'BG','BULGARIA','Bulgaria','BGR',100,359,0,NULL),(34,'BF','BURKINA FASO','Burkina Faso','BFA',854,226,0,NULL),(35,'BI','BURUNDI','Burundi','BDI',108,257,0,NULL),(36,'KH','CAMBODIA','Cambodia','KHM',116,855,0,NULL),(37,'CM','CAMEROON','Cameroon','CMR',120,237,0,NULL),(38,'CA','CANADA','Canada','CAN',124,1,0,NULL),(39,'CV','CAPE VERDE','Cape Verde','CPV',132,238,0,NULL),(40,'KY','CAYMAN ISLANDS','Cayman Islands','CYM',136,1345,0,NULL),(41,'CF','CENTRAL AFRICAN REPUBLIC','Central African Republic','CAF',140,236,0,NULL),(42,'TD','CHAD','Chad','TCD',148,235,0,NULL),(43,'CL','CHILE','Chile','CHL',152,56,0,NULL),(44,'CN','CHINA','China','CHN',156,86,0,NULL),(45,'CX','CHRISTMAS ISLAND','Christmas Island','CXR',NULL,61,0,NULL),(46,'CC','COCOS (KEELING) ISLANDS','Cocos (Keeling) Islands','CCK',NULL,672,0,NULL),(47,'CO','COLOMBIA','Colombia','COL',170,57,0,NULL),(48,'KM','COMOROS','Comoros','COM',174,269,0,NULL),(49,'CG','CONGO','Congo','COG',178,242,0,NULL),(50,'CD','CONGO, THE DEMOCRATIC REPUBLIC OF THE','Congo, the Democratic Republic of the','COD',180,243,0,NULL),(51,'CK','COOK ISLANDS','Cook Islands','COK',184,682,0,NULL),(52,'CR','COSTA RICA','Costa Rica','CRI',188,506,0,NULL),(53,'CI','COTE D\'IVOIRE','Cote D\'Ivoire','CIV',384,225,0,NULL),(54,'HR','CROATIA','Croatia','HRV',191,385,0,NULL),(55,'CU','CUBA','Cuba','CUB',192,53,0,NULL),(56,'CY','CYPRUS','Cyprus','CYP',196,357,0,NULL),(57,'CZ','CZECH REPUBLIC','Czech Republic','CZE',203,420,0,NULL),(58,'DK','DENMARK','Denmark','DNK',208,45,0,NULL),(59,'DJ','DJIBOUTI','Djibouti','DJI',262,253,0,NULL),(60,'DM','DOMINICA','Dominica','DMA',212,1767,0,NULL),(61,'DO','DOMINICAN REPUBLIC','Dominican Republic','DOM',214,1809,0,NULL),(62,'EC','ECUADOR','Ecuador','ECU',218,593,0,NULL),(63,'EG','EGYPT','Egypt','EGY',818,20,0,NULL),(64,'SV','EL SALVADOR','El Salvador','SLV',222,503,0,NULL),(65,'GQ','EQUATORIAL GUINEA','Equatorial Guinea','GNQ',226,240,0,NULL),(66,'ER','ERITREA','Eritrea','ERI',232,291,0,NULL),(67,'EE','ESTONIA','Estonia','EST',233,372,0,NULL),(68,'ET','ETHIOPIA','Ethiopia','ETH',231,251,0,NULL),(69,'FK','FALKLAND ISLANDS (MALVINAS)','Falkland Islands (Malvinas)','FLK',238,500,0,NULL),(70,'FO','FAROE ISLANDS','Faroe Islands','FRO',234,298,0,NULL),(71,'FJ','FIJI','Fiji','FJI',242,679,0,NULL),(72,'FI','FINLAND','Finland','FIN',246,358,0,NULL),(73,'FR','FRANCE','France','FRA',250,33,0,NULL),(74,'GF','FRENCH GUIANA','French Guiana','GUF',254,594,0,NULL),(75,'PF','FRENCH POLYNESIA','French Polynesia','PYF',258,689,0,NULL),(76,'TF','FRENCH SOUTHERN TERRITORIES','French Southern Territories','ATF',NULL,262,0,NULL),(77,'GA','GABON','Gabon','GAB',266,241,0,NULL),(78,'GM','GAMBIA','Gambia','GMB',270,220,0,NULL),(79,'GE','GEORGIA','Georgia','GEO',268,995,0,NULL),(80,'DE','GERMANY','Germany','DEU',276,49,0,NULL),(81,'GH','GHANA','Ghana','GHA',288,233,0,NULL),(82,'GI','GIBRALTAR','Gibraltar','GIB',292,350,0,NULL),(83,'GR','GREECE','Greece','GRC',300,30,0,NULL),(84,'GL','GREENLAND','Greenland','GRL',304,299,0,NULL),(85,'GD','GRENADA','Grenada','GRD',308,1473,0,NULL),(86,'GP','GUADELOUPE','Guadeloupe','GLP',312,590,0,NULL),(87,'GU','GUAM','Guam','GUM',316,1671,0,NULL),(88,'GT','GUATEMALA','Guatemala','GTM',320,502,0,NULL),(89,'GN','GUINEA','Guinea','GIN',324,224,0,NULL),(90,'GW','GUINEA-BISSAU','Guinea-Bissau','GNB',624,245,0,NULL),(91,'GY','GUYANA','Guyana','GUY',328,592,0,NULL),(92,'HT','HAITI','Haiti','HTI',332,509,0,NULL),(93,'HM','HEARD ISLAND AND MCDONALD ISLANDS','Heard Island and Mcdonald Islands','HMD',NULL,0,0,NULL),(94,'VA','HOLY SEE (VATICAN CITY STATE)','Holy See (Vatican City State)','VAT',336,39,0,NULL),(95,'HN','HONDURAS','Honduras','HND',340,504,0,NULL),(96,'HK','HONG KONG','Hong Kong','HKG',344,852,0,NULL),(97,'HU','HUNGARY','Hungary','HUN',348,36,0,NULL),(98,'IS','ICELAND','Iceland','ISL',352,354,0,NULL),(99,'IN','INDIA','India','IND',356,91,0,NULL),(100,'ID','INDONESIA','Indonesia','IDN',360,62,0,NULL),(101,'IR','IRAN, ISLAMIC REPUBLIC OF','Iran, Islamic Republic of','IRN',364,98,0,NULL),(102,'IQ','IRAQ','Iraq','IRQ',368,964,0,NULL),(103,'IE','IRELAND','Ireland','IRL',372,353,0,NULL),(104,'IL','ISRAEL','Israel','ISR',376,972,0,NULL),(105,'IT','ITALY','Italy','ITA',380,39,0,NULL),(106,'JM','JAMAICA','Jamaica','JAM',388,1876,0,NULL),(107,'JP','JAPAN','Japan','JPN',392,81,0,NULL),(108,'JO','JORDAN','Jordan','JOR',400,962,0,NULL),(109,'KZ','KAZAKHSTAN','Kazakhstan','KAZ',398,7,0,NULL),(110,'KE','KENYA','Kenya','KEN',404,254,0,NULL),(111,'KI','KIRIBATI','Kiribati','KIR',296,686,0,NULL),(112,'KP','KOREA, DEMOCRATIC PEOPLE\'S REPUBLIC OF','Korea, Democratic People\'s Republic of','PRK',408,850,0,NULL),(113,'KR','KOREA, REPUBLIC OF','Korea, Republic of','KOR',410,82,0,NULL),(114,'KW','KUWAIT','Kuwait','KWT',414,965,0,NULL),(115,'KG','KYRGYZSTAN','Kyrgyzstan','KGZ',417,996,0,NULL),(116,'LA','LAO PEOPLE\'S DEMOCRATIC REPUBLIC','Lao People\'s Democratic Republic','LAO',418,856,0,NULL),(117,'LV','LATVIA','Latvia','LVA',428,371,0,NULL),(118,'LB','LEBANON','Lebanon','LBN',422,961,0,NULL),(119,'LS','LESOTHO','Lesotho','LSO',426,266,0,NULL),(120,'LR','LIBERIA','Liberia','LBR',430,231,0,NULL),(121,'LY','LIBYAN ARAB JAMAHIRIYA','Libyan Arab Jamahiriya','LBY',434,218,0,NULL),(122,'LI','LIECHTENSTEIN','Liechtenstein','LIE',438,423,0,NULL),(123,'LT','LITHUANIA','Lithuania','LTU',440,370,0,NULL),(124,'LU','LUXEMBOURG','Luxembourg','LUX',442,352,0,NULL),(125,'MO','MACAO','Macao','MAC',446,853,0,NULL),(126,'MK','MACEDONIA, THE FORMER YUGOSLAV REPUBLIC OF','Macedonia, the Former Yugoslav Republic of','MKD',807,389,0,NULL),(127,'MG','MADAGASCAR','Madagascar','MDG',450,261,0,NULL),(128,'MW','MALAWI','Malawi','MWI',454,265,0,NULL),(129,'MY','MALAYSIA','Malaysia','MYS',458,60,0,NULL),(130,'MV','MALDIVES','Maldives','MDV',462,960,0,NULL),(131,'ML','MALI','Mali','MLI',466,223,0,NULL),(132,'MT','MALTA','Malta','MLT',470,356,0,NULL),(133,'MH','MARSHALL ISLANDS','Marshall Islands','MHL',584,692,0,NULL),(134,'MQ','MARTINIQUE','Martinique','MTQ',474,596,0,NULL),(135,'MR','MAURITANIA','Mauritania','MRT',478,222,0,NULL),(136,'MU','MAURITIUS','Mauritius','MUS',480,230,0,NULL),(137,'YT','MAYOTTE','Mayotte','MYT',NULL,269,0,NULL),(138,'MX','MEXICO','Mexico','MEX',484,52,0,NULL),(139,'FM','MICRONESIA, FEDERATED STATES OF','Micronesia, Federated States of','FSM',583,691,0,NULL),(140,'MD','MOLDOVA, REPUBLIC OF','Moldova, Republic of','MDA',498,373,0,NULL),(141,'MC','MONACO','Monaco','MCO',492,377,0,NULL),(142,'MN','MONGOLIA','Mongolia','MNG',496,976,0,NULL),(143,'MS','MONTSERRAT','Montserrat','MSR',500,1664,0,NULL),(144,'MA','MOROCCO','Morocco','MAR',504,212,0,NULL),(145,'MZ','MOZAMBIQUE','Mozambique','MOZ',508,258,0,NULL),(146,'MM','MYANMAR','Myanmar','MMR',104,95,0,NULL),(147,'NA','NAMIBIA','Namibia','NAM',516,264,0,NULL),(148,'NR','NAURU','Nauru','NRU',520,674,0,NULL),(149,'NP','NEPAL','Nepal','NPL',524,977,0,NULL),(150,'NL','NETHERLANDS','Netherlands','NLD',528,31,0,NULL),(151,'AN','NETHERLANDS ANTILLES','Netherlands Antilles','ANT',530,599,0,NULL),(152,'NC','NEW CALEDONIA','New Caledonia','NCL',540,687,0,NULL),(153,'NZ','NEW ZEALAND','New Zealand','NZL',554,64,0,NULL),(154,'NI','NICARAGUA','Nicaragua','NIC',558,505,0,NULL),(155,'NE','NIGER','Niger','NER',562,227,0,NULL),(156,'NG','NIGERIA','Nigeria','NGA',566,234,0,'0047350888<br>\r\nOLADIPUPO A TUNDE OGUNDE<br>\r\nSTERLING BANK'),(157,'NU','NIUE','Niue','NIU',570,683,0,NULL),(158,'NF','NORFOLK ISLAND','Norfolk Island','NFK',574,672,0,NULL),(159,'MP','NORTHERN MARIANA ISLANDS','Northern Mariana Islands','MNP',580,1670,0,NULL),(160,'NO','NORWAY','Norway','NOR',578,47,0,NULL),(161,'OM','OMAN','Oman','OMN',512,968,0,NULL),(162,'PK','PAKISTAN','Pakistan','PAK',586,92,0,NULL),(163,'PW','PALAU','Palau','PLW',585,680,0,NULL),(164,'PS','PALESTINIAN TERRITORY, OCCUPIED','Palestinian Territory, Occupied','PSE',NULL,970,0,NULL),(165,'PA','PANAMA','Panama','PAN',591,507,0,NULL),(166,'PG','PAPUA NEW GUINEA','Papua New Guinea','PNG',598,675,0,NULL),(167,'PY','PARAGUAY','Paraguay','PRY',600,595,0,NULL),(168,'PE','PERU','Peru','PER',604,51,0,NULL),(169,'PH','PHILIPPINES','Philippines','PHL',608,63,0,NULL),(170,'PN','PITCAIRN','Pitcairn','PCN',612,64,0,NULL),(171,'PL','POLAND','Poland','POL',616,48,0,NULL),(172,'PT','PORTUGAL','Portugal','PRT',620,351,0,NULL),(173,'PR','PUERTO RICO','Puerto Rico','PRI',630,1787,0,NULL),(174,'QA','QATAR','Qatar','QAT',634,974,0,NULL),(175,'RE','REUNION','Reunion','REU',638,262,0,NULL),(176,'RO','ROMANIA','Romania','ROU',642,40,0,NULL),(177,'RU','RUSSIAN FEDERATION','Russian Federation','RUS',643,7,0,NULL),(178,'RW','RWANDA','Rwanda','RWA',646,250,0,NULL),(179,'SH','SAINT HELENA','Saint Helena','SHN',654,290,0,NULL),(180,'KN','SAINT KITTS AND NEVIS','Saint Kitts and Nevis','KNA',659,1869,0,NULL),(181,'LC','SAINT LUCIA','Saint Lucia','LCA',662,1758,0,NULL),(182,'PM','SAINT PIERRE AND MIQUELON','Saint Pierre and Miquelon','SPM',666,508,0,NULL),(183,'VC','SAINT VINCENT AND THE GRENADINES','Saint Vincent and the Grenadines','VCT',670,1784,0,NULL),(184,'WS','SAMOA','Samoa','WSM',882,684,0,NULL),(185,'SM','SAN MARINO','San Marino','SMR',674,378,0,NULL),(186,'ST','SAO TOME AND PRINCIPE','Sao Tome and Principe','STP',678,239,0,NULL),(187,'SA','SAUDI ARABIA','Saudi Arabia','SAU',682,966,0,NULL),(188,'SN','SENEGAL','Senegal','SEN',686,221,0,NULL),(190,'SC','SEYCHELLES','Seychelles','SYC',690,248,0,NULL),(191,'SL','SIERRA LEONE','Sierra Leone','SLE',694,232,0,NULL),(192,'SG','SINGAPORE','Singapore','SGP',702,65,0,NULL),(193,'SK','SLOVAKIA','Slovakia','SVK',703,421,0,NULL),(194,'SI','SLOVENIA','Slovenia','SVN',705,386,0,NULL),(195,'SB','SOLOMON ISLANDS','Solomon Islands','SLB',90,677,0,NULL),(196,'SO','SOMALIA','Somalia','SOM',706,252,0,NULL),(197,'ZA','SOUTH AFRICA','South Africa','ZAF',710,27,0,NULL),(198,'GS','SOUTH GEORGIA AND THE SOUTH SANDWICH ISLANDS','South Georgia and the South Sandwich Islands','SGS',NULL,500,0,NULL),(199,'ES','SPAIN','Spain','ESP',724,34,0,NULL),(200,'LK','SRI LANKA','Sri Lanka','LKA',144,94,0,NULL),(201,'SD','SUDAN','Sudan','SDN',736,249,0,NULL),(202,'SR','SURINAME','Suriname','SUR',740,597,0,NULL),(203,'SJ','SVALBARD AND JAN MAYEN','Svalbard and Jan Mayen','SJM',744,47,0,NULL),(204,'SZ','SWAZILAND','Swaziland','SWZ',748,268,0,NULL),(205,'SE','SWEDEN','Sweden','SWE',752,46,0,NULL),(206,'CH','SWITZERLAND','Switzerland','CHE',756,41,0,NULL),(207,'SY','SYRIAN ARAB REPUBLIC','Syrian Arab Republic','SYR',760,963,0,NULL),(208,'TW','TAIWAN, PROVINCE OF CHINA','Taiwan, Province of China','TWN',158,886,0,NULL),(209,'TJ','TAJIKISTAN','Tajikistan','TJK',762,992,0,NULL),(210,'TZ','TANZANIA, UNITED REPUBLIC OF','Tanzania, United Republic of','TZA',834,255,0,NULL),(211,'TH','THAILAND','Thailand','THA',764,66,0,NULL),(212,'TL','TIMOR-LESTE','Timor-Leste','TLS',NULL,670,0,NULL),(213,'TG','TOGO','Togo','TGO',768,228,0,NULL),(214,'TK','TOKELAU','Tokelau','TKL',772,690,0,NULL),(215,'TO','TONGA','Tonga','TON',776,676,0,NULL),(216,'TT','TRINIDAD AND TOBAGO','Trinidad and Tobago','TTO',780,1868,0,NULL),(217,'TN','TUNISIA','Tunisia','TUN',788,216,0,NULL),(218,'TR','TURKEY','Turkey','TUR',792,90,0,NULL),(219,'TM','TURKMENISTAN','Turkmenistan','TKM',795,7370,0,NULL),(220,'TC','TURKS AND CAICOS ISLANDS','Turks and Caicos Islands','TCA',796,1649,0,NULL),(221,'TV','TUVALU','Tuvalu','TUV',798,688,0,NULL),(222,'UG','UGANDA','Uganda','UGA',800,256,0,NULL),(223,'UA','UKRAINE','Ukraine','UKR',804,380,0,NULL),(224,'AE','UNITED ARAB EMIRATES','United Arab Emirates','ARE',784,971,0,NULL),(225,'GB','UNITED KINGDOM','United Kingdom','GBR',826,44,0,NULL),(226,'US','UNITED STATES','United States','USA',840,1,0,NULL),(227,'UM','UNITED STATES MINOR OUTLYING ISLANDS','United States Minor Outlying Islands','UMI',NULL,1,0,NULL),(228,'UY','URUGUAY','Uruguay','URY',858,598,0,NULL),(229,'UZ','UZBEKISTAN','Uzbekistan','UZB',860,998,0,NULL),(230,'VU','VANUATU','Vanuatu','VUT',548,678,0,NULL),(231,'VE','VENEZUELA','Venezuela','VEN',862,58,0,NULL),(232,'VN','VIET NAM','Viet Nam','VNM',704,84,0,NULL),(233,'VG','VIRGIN ISLANDS, BRITISH','Virgin Islands, British','VGB',92,1284,0,NULL),(234,'VI','VIRGIN ISLANDS, U.S.','Virgin Islands, U.s.','VIR',850,1340,0,NULL),(235,'WF','WALLIS AND FUTUNA','Wallis and Futuna','WLF',876,681,0,NULL),(236,'EH','WESTERN SAHARA','Western Sahara','ESH',732,212,0,NULL),(237,'YE','YEMEN','Yemen','YEM',887,967,0,NULL),(238,'ZM','ZAMBIA','Zambia','ZMB',894,260,0,NULL),(239,'ZW','ZIMBABWE','Zimbabwe','ZWE',716,263,0,NULL),(240,'RS','SERBIA','Serbia','SRB',688,381,0,NULL),(241,'AP','ASIA PACIFIC REGION','Asia / Pacific Region','0',0,0,0,NULL),(242,'ME','MONTENEGRO','Montenegro','MNE',499,382,0,NULL),(243,'AX','ALAND ISLANDS','Aland Islands','ALA',248,358,0,NULL),(244,'BQ','BONAIRE, SINT EUSTATIUS AND SABA','Bonaire, Sint Eustatius and Saba','BES',535,599,0,NULL),(245,'CW','CURACAO','Curacao','CUW',531,599,0,NULL),(246,'GG','GUERNSEY','Guernsey','GGY',831,44,0,NULL),(247,'IM','ISLE OF MAN','Isle of Man','IMN',833,44,0,NULL),(248,'JE','JERSEY','Jersey','JEY',832,44,0,NULL),(249,'XK','KOSOVO','Kosovo','XKX',0,383,0,NULL),(250,'BL','SAINT BARTHELEMY','Saint Barthelemy','BLM',652,590,0,NULL),(251,'MF','SAINT MARTIN','Saint Martin','MAF',663,590,0,NULL),(252,'SX','SINT MAARTEN','Sint Maarten','SXM',534,1,0,NULL),(253,'SS','SOUTH SUDAN','South Sudan','SSD',728,211,0,NULL);
/*!40000 ALTER TABLE `tbl_country` ENABLE KEYS */;

#
# Structure for table "tbl_factures"
#

DROP TABLE IF EXISTS `tbl_factures`;
CREATE TABLE `tbl_factures` (
  `id` int(11) NOT NULL AUTO_INCREMENT,
  `user` varchar(250) DEFAULT NULL,
  `plan` varchar(250) DEFAULT NULL,
  `status` varchar(255) DEFAULT NULL,
  `due` varchar(255) DEFAULT NULL,
  `mode_paiement` varchar(250) DEFAULT NULL,
  `amount` decimal(20,2) DEFAULT NULL,
  `by_user` varchar(250) DEFAULT NULL,
  `created_at` datetime DEFAULT NULL,
  `updated_at` datetime DEFAULT NULL,
  `num_trans` varchar(255) DEFAULT NULL,
  `sponsor` varchar(255) DEFAULT NULL,
  `code_user` varchar(255) DEFAULT NULL,
  `transaction_id` int(11) DEFAULT NULL,
  PRIMARY KEY (`id`) USING BTREE
) ENGINE=InnoDB AUTO_INCREMENT=292 DEFAULT CHARSET=utf8mb4 ROW_FORMAT=DYNAMIC;

#
# Data for table "tbl_factures"
#

INSERT INTO `tbl_factures` VALUES (1,'LEKANE','PLATINUM','paie','17-10-2020 17:05:24',NULL,1000000.00,'LEKANE',NULL,NULL,'tr00001','0000','CM000012',NULL),(2,'TCHIEKOU','Classic','paie','17-10-2020 17:24:37',NULL,25000.00,'LEKANE',NULL,NULL,'tr00004','00001','CM0000444',NULL),(3,'Nouboussi Jiometio Epse Mvondo','VIP','paie','17-10-2020 17:25:18',NULL,100000.00,'LEKANE',NULL,NULL,'tr00005','00001','CM0000527',NULL),(4,'NANGUE','VIP','paie','17-10-2020 17:41:49',NULL,100000.00,'LEKANE',NULL,NULL,'tr00006','00001','CM0000681',NULL),(5,'TEMBI KUWONG','PLATINUM','paie','17-10-2020 18:12:53',NULL,1000000.00,'LEKANE',NULL,NULL,'tr00011','00001','CM0001115',NULL),(6,'Simon Pierre','VIP','paie','17-10-2020 18:22:16',NULL,100000.00,'LEKANE',NULL,NULL,'tr00015','00001','CM0001551',NULL),(7,'Simon Pierre','VIP','paie','17-10-2020 18:22:16',NULL,100000.00,'LEKANE',NULL,NULL,'tr00015','00001','CM0001551',NULL),(8,'Simon Pierre','VIP','paie','17-10-2020 18:22:16',NULL,100000.00,'LEKANE',NULL,NULL,'tr00015','00001','CM0001551',NULL),(9,'Guy Bertrand','PLATINUM','paie','17-10-2020 17:22:57',NULL,1000000.00,'LEKANE',NULL,NULL,'tr00003','00001','IE0000345',NULL),(10,'Wansuh','VIP','paie','17-10-2020 18:14:17',NULL,100000.00,'LEKANE',NULL,NULL,'tr00014','00001','CM0001458',NULL),(11,'NGA','Classic','paie','17-10-2020 18:30:05',NULL,25000.00,'LEKANE',NULL,NULL,'tr00017','00011','CM0001797',NULL),(12,'NGOUMTSOP ','Classic','paie','17-10-2020 18:33:57',NULL,25000.00,'LEKANE',NULL,NULL,'tr00018','00011','CM0001876',NULL),(13,'KILA BAME EPSE MUKORO','Classic','paie','17-10-2020 18:37:25',NULL,25000.00,'LEKANE',NULL,NULL,'tr00019','00011','CM0001927',NULL),(14,'KUATE FOKAM','Classic','paie','17-10-2020 18:40:04',NULL,25000.00,'LEKANE',NULL,NULL,'tr00020','00011','CM0002042',NULL),(15,'TCHIANDJE','Classic','paie','17-10-2020 18:43:58',NULL,25000.00,'LEKANE',NULL,NULL,'tr00021','00001','CM0002122',NULL),(16,'FOHTUNG','VIP','paie','17-10-2020 18:30:02',NULL,100000.00,'LEKANE',NULL,NULL,'tr00016','00001','CM0001686',NULL),(17,'EPEE MBIA','VIP','paie','17-10-2020 17:22:40',NULL,100000.00,'LEKANE',NULL,NULL,'tr00002','00001','CM0000247',NULL),(18,'Ngoufo Tadzong','VIP','paie','17-10-2020 18:09:16',NULL,100000.00,'LEKANE',NULL,NULL,'tr00009','00006','TN0000993',NULL),(19,'KAKI MBONGO','VIP','paie','17-10-2020 19:15:48',NULL,100000.00,'LEKANE',NULL,NULL,'tr00023','00006','SN0002338',NULL),(52,'TAPIGUE ','VIP','paie','18-10-2020 06:22:29',NULL,100000.00,'LEKANE',NULL,NULL,'tr00032','00001','CM0003236',NULL),(53,'TAPIGUE ','VIP','paie','18-10-2020 06:22:29',NULL,100000.00,'LEKANE',NULL,NULL,'tr00032','00001','CM0003236',NULL),(54,'TAPIGUE ','VIP','paie','18-10-2020 06:22:29',NULL,100000.00,'LEKANE',NULL,NULL,'tr00032','00001','CM0003236',NULL),(55,'TAPIGUE ','VIP','paie','18-10-2020 06:22:29',NULL,100000.00,'LEKANE',NULL,NULL,'tr00032','00001','CM0003236',NULL),(56,'TAPIGUE ','VIP','paie','18-10-2020 06:22:29',NULL,100000.00,'LEKANE',NULL,NULL,'tr00032','00001','CM0003236',NULL),(57,'TAPIGUE ','VIP','paie','18-10-2020 06:22:29',NULL,100000.00,'LEKANE',NULL,NULL,'tr00032','00001','CM0003236',NULL),(60,'Lolah Annabel Limah','PLATINUM','paie','17-10-2020 18:13:25',NULL,1000000.00,'LEKANE',NULL,NULL,'tr00012','00006','IE0001240',NULL),(61,'Lolah Annabel Limah','PLATINUM','paie','17-10-2020 18:13:25',NULL,1000000.00,'LEKANE',NULL,NULL,'tr00012','00006','IE0001240',NULL),(62,'Kamdomg flore','PLATINUM','paie','18-10-2020 08:13:09',NULL,1000000.00,'LEKANE',NULL,NULL,'tr00037','00003','ZA0003724',NULL),(63,'NDALA Papy','VIP','paie','18-10-2020 05:22:10',NULL,100000.00,'LEKANE',NULL,NULL,'tr00030','00009','CD0003033',NULL),(64,'TASAMA CATHYLAURE MANYI ','Classic','paie','18-10-2020 11:48:06',NULL,25000.00,'LEKANE',NULL,NULL,'tr00039','00016','US0003963',NULL),(65,'AMOUZOUN Charles','VIP','paie','17-10-2020 20:39:20',NULL,100000.00,'KAKI MBONGO',NULL,NULL,'tr00025','00023','SN0002531',NULL),(66,'AMOUZOUN Charles','VIP','paie','17-10-2020 20:39:20',NULL,100000.00,'KAKI MBONGO',NULL,NULL,'tr00025','00023','SN0002531',NULL),(67,'FEUKU RAPHAEL','Classic','paie','17-10-2020 21:09:51',NULL,25000.00,'LEKANE',NULL,NULL,'tr00027','00009','TN0002761',NULL),(68,'Rosaire Berdice Mahugnon TCHIBOZO','VIP','paie','18-10-2020 14:10:35',NULL,100000.00,'LEKANE',NULL,NULL,'tr00040','00023','BJ0004020',NULL),(69,'TUNDE OGUNDE','Classic','paie','18-10-2020 03:46:33',NULL,25000.00,'LEKANE',NULL,NULL,'tr00029','00001','NG0002931',NULL),(70,'AMUNDAM AICHA','Classic','paie','18-10-2020 19:30:43',NULL,25000.00,'LEKANE',NULL,NULL,'tr00041','00011','US0004187',NULL),(71,'TCHAKOUTE Bertrand','Classic','paie','18-10-2020 20:50:37',NULL,25000.00,'LEKANE',NULL,NULL,'tr00043','00002','CI0004362',NULL),(72,'Simon Pierre Simon Pierre','Classic','paie','19-10-2020 07:33:23',NULL,25000.00,'LEKANE',NULL,NULL,'tr00047','00001','NG0004732',NULL),(73,'Simon Pierre Simon Pierre','Classic','paie','19-10-2020 07:33:23',NULL,25000.00,'LEKANE',NULL,NULL,'tr00047','00001','NG0004732',NULL),(74,'Simon Pierre Simon Pierre','Classic','paie','19-10-2020 07:33:23',NULL,25000.00,'LEKANE',NULL,NULL,'tr00047','00001','NG0004732',NULL),(75,'Simon Pierre Simon Pierre','Classic','paie','19-10-2020 07:33:23',NULL,25000.00,'LEKANE',NULL,NULL,'tr00047','00001','NG0004732',NULL),(76,'MANI NNANGA MARCEL NICOLE','VIP','paie','17-10-2020 19:28:42',NULL,100000.00,'EPEE MBIA',NULL,NULL,'tr00024','00002','CD0002417',NULL),(77,'Ilengo Etongo  Christian ','VIP','paie','19-10-2020 09:14:04',NULL,100000.00,'EPEE MBIA',NULL,NULL,'tr00048','00030','GA0004866',NULL),(78,'Roger Emmanuel AYONGWA','VIP','paie','18-10-2020 22:01:31',NULL,100000.00,'EPEE MBIA',NULL,NULL,'tr00044','00016','CM0004412',NULL),(79,'SONHAFOUO CHIANA  NADEGE','VIP','paie','17-10-2020 17:58:19',NULL,100000.00,'EPEE MBIA',NULL,NULL,'tr00007','00001','CM0000764',NULL),(80,'NZONZI MANONGA RACHEL NZONZI','Classic','paie','19-10-2020 10:39:41',NULL,25000.00,'EPEE MBIA',NULL,NULL,'tr00050','00030','CH0005061',NULL),(81,' ETONGO ILENGO Christian ','Classic','paie','19-10-2020 12:00:58',NULL,25000.00,'EPEE MBIA',NULL,NULL,'tr00052','00048','TG0005243',NULL),(82,'BINDI-SITA Patricia Arlette','VIP','paie','19-10-2020 11:42:27',NULL,100000.00,'KAKI MBONGO',NULL,NULL,'tr00051','00023','SN0005118',NULL),(83,'BINDI-SITA Patricia Arlette','VIP','paie','19-10-2020 11:42:27',NULL,100000.00,'KAKI MBONGO',NULL,NULL,'tr00051','00023','SN0005118',NULL),(84,'Ndaya Domingos Rebecca','VIP','paie','19-10-2020 13:08:16',NULL,100000.00,'EPEE MBIA',NULL,NULL,'tr00053','00030','CD0005368',NULL),(85,'Mukuna Kabasele Gedeon','VIP','paie','19-10-2020 13:54:50',NULL,100000.00,'EPEE MBIA',NULL,NULL,'tr00054','00053','CD0005437',NULL),(86,'NDZALA NDZALA Herve Landry Christian','Classic','paie','17-10-2020 18:49:57',NULL,25000.00,'Nouboussi Jiometio Epse Mvondo',NULL,NULL,'tr00022','00005','CM0002293',NULL),(87,'NDZALA NDZALA Herve Landry Christian','Classic','paie','17-10-2020 18:49:57',NULL,25000.00,'Nouboussi Jiometio Epse Mvondo',NULL,NULL,'tr00022','00005','CM0002293',NULL),(88,'NGUEGUIA CLARICE FLORE','VIP','paie','19-10-2020 19:21:03',NULL,100000.00,'NANGUE',NULL,NULL,'tr00056','00001','CM0005682',NULL),(89,'NGUEGUIA CLARICE FLORE','VIP','paie','19-10-2020 19:21:03',NULL,100000.00,'NANGUE',NULL,NULL,'tr00056','00001','CM0005682',NULL),(90,'NGUEGUIA CLARICE FLORE','VIP','paie','19-10-2020 19:21:03',NULL,100000.00,'NANGUE',NULL,NULL,'tr00056','00001','CM0005682',NULL),(91,'Oyonde Mimiche','Classic','paie','19-10-2020 20:53:23',NULL,25000.00,'EPEE MBIA',NULL,NULL,'tr00057','00054','CD0005759',NULL),(92,'Claude MAYIMONA','Classic','paie','20-10-2020 09:48:53',NULL,25000.00,'EPEE MBIA',NULL,NULL,'tr00067','00030','CD0006766',NULL),(93,'Claude MAYIMONA','Classic','paie','20-10-2020 09:48:53',NULL,25000.00,'EPEE MBIA',NULL,NULL,'tr00067','00030','CD0006766',NULL),(94,'Kalombo Gedeon','Classic','paie','20-10-2020 09:22:32',NULL,25000.00,'EPEE MBIA',NULL,NULL,'tr00066','00030','CD0006656',NULL),(95,'Iskus ANAKAMBI ODIA','Classic','paie','20-10-2020 11:24:47',NULL,25000.00,'EPEE MBIA',NULL,NULL,'tr00069','00030','CD0006912',NULL),(96,'Yireussi Venceslas Poursoi  SINGUIMINA','Classic','paie','20-10-2020 10:59:48',NULL,25000.00,'EPEE MBIA',NULL,NULL,'tr00068','00030','ZA0006821',NULL),(97,'Flavien Ndongo Kasse','VIP','paie','20-10-2020 03:18:37',NULL,100000.00,'LEKANE',NULL,NULL,'tr00058','00003','CA0005899',NULL),(98,'Flavien Ndongo Kasse','VIP','paie','20-10-2020 03:18:37',NULL,100000.00,'LEKANE',NULL,NULL,'tr00058','00003','CA0005899',NULL),(99,'Sylviane Dontio Sonkeng','Classic','paie','20-10-2020 03:34:33',NULL,25000.00,'LEKANE',NULL,NULL,'tr00059','00003','CA0005963',NULL),(100,'Ngum Mary','Classic','paie','20-10-2020 12:12:58',NULL,25000.00,'EPEE MBIA',NULL,NULL,'tr00070','00044','CM0007072',NULL),(101,'Flavie LUZIZILA DIAKIESE','Classic','paie','20-10-2020 14:29:44',NULL,25000.00,'EPEE MBIA',NULL,NULL,'tr00072','00030','CD0007278',NULL),(102,'signe michel','Classic','paie','20-10-2020 15:25:02',NULL,25000.00,'Nouboussi Jiometio Epse Mvondo',NULL,NULL,'tr00074','00001','AF0007462',NULL),(103,'Kapinga Kabamba Naomie','Classic','paie','20-10-2020 19:17:48',NULL,25000.00,'EPEE MBIA',NULL,NULL,'tr00078','00030','CD0007898',NULL),(104,'Kabombo Amos','Classic','paie','20-10-2020 19:22:03',NULL,25000.00,'EPEE MBIA',NULL,NULL,'tr00079','00030','CD0007935',NULL),(105,'Bukasa Isaac','Classic','paie','20-10-2020 19:30:52',NULL,25000.00,'EPEE MBIA',NULL,NULL,'tr00080','00030','CD0008040',NULL),(106,'Richard MIGELE DAMA','Classic','paie','20-10-2020 23:01:36',NULL,25000.00,'EPEE MBIA',NULL,NULL,'tr00081','00030','CD0008187',NULL),(107,'Richard MIGELE DAMA','Classic','paie','20-10-2020 23:01:36',NULL,25000.00,'EPEE MBIA',NULL,NULL,'tr00081','00030','CD0008187',NULL),(108,'Justin MIADUNGA BAGBEYO','Classic','paie','20-10-2020 23:13:26',NULL,25000.00,'EPEE MBIA',NULL,NULL,'tr00082','00030','UG0008229',NULL),(109,'LONGANG Prince Aristide','Classic','paie','20-10-2020 15:09:54',NULL,25000.00,'EPEE MBIA',NULL,NULL,'tr00073','00030','GA0007330',NULL),(110,'LONGANG Prince Aristide','Classic','paie','20-10-2020 15:09:54',NULL,25000.00,'EPEE MBIA',NULL,NULL,'tr00073','00030','GA0007330',NULL),(111,'Ngo yem  Winny','Classic','paie','20-10-2020 17:37:06',NULL,25000.00,'NANGUE',NULL,NULL,'tr00075','00074','BE0007549',NULL),(112,'Ngo yem  Winny','Classic','paie','20-10-2020 17:37:06',NULL,25000.00,'NANGUE',NULL,NULL,'tr00075','00074','BE0007549',NULL),(113,'DJOUGUELA KAMTOH Cyrille','Classic','paie','21-10-2020 06:19:20',NULL,25000.00,'NANGUE',NULL,NULL,'tr00085','00006','CM0008537',NULL),(114,'DJOUGUELA KAMTOH Cyrille','Classic','paie','21-10-2020 06:19:20',NULL,25000.00,'NANGUE',NULL,NULL,'tr00085','00006','CM0008537',NULL),(115,' SUFFO Simplice','VIP','paie','21-10-2020 05:28:58',NULL,100000.00,'NANGUE',NULL,NULL,'tr00084','00074','CM0008431',NULL),(116,'LESIGA DEREK  NYONKA','VIP','paie','19-10-2020 05:12:51',NULL,100000.00,'EPEE MBIA',NULL,NULL,'tr00046','00016','US0004686',NULL),(117,'Tamadzou  Alain','Classic','paie','21-10-2020 07:55:30',NULL,25000.00,'NANGUE',NULL,NULL,'tr00087','00001','CM0008715',NULL),(118,'Tamadzou  Alain','Classic','paie','21-10-2020 07:55:30',NULL,25000.00,'NANGUE',NULL,NULL,'tr00087','00001','CM0008715',NULL),(119,'Bundu Doris','Classic','paie','21-10-2020 07:51:58',NULL,25000.00,'EPEE MBIA',NULL,NULL,'tr00086','00030','CD0008676',NULL),(120,'Émile junior BILOGUE ONANA','Classic','paie','21-10-2020 12:32:08',NULL,25000.00,'EPEE MBIA',NULL,NULL,'tr00093','00030','CM0009359',NULL),(121,'LESIGA B. SAMGWA\'A','Classic','paie','21-10-2020 11:43:09',NULL,25000.00,'EPEE MBIA',NULL,NULL,'tr00088','00046','CM0008882',NULL),(122,'Tefouet  Thomas ','Classic','paie','21-10-2020 12:19:11',NULL,25000.00,'NANGUE',NULL,NULL,'tr00091','00001','CM0009191',NULL),(123,'Tefouet  Thomas ','Classic','paie','21-10-2020 12:19:11',NULL,25000.00,'NANGUE',NULL,NULL,'tr00091','00001','CM0009191',NULL),(124,'Gisèle MATONDO MAKIANA','Classic','paie','21-10-2020 12:47:13',NULL,25000.00,'EPEE MBIA',NULL,NULL,'tr00095','00030','CD0009549',NULL),(125,'Huguette MBOMBO KABAMBA','Classic','paie','21-10-2020 12:58:22',NULL,25000.00,'EPEE MBIA',NULL,NULL,'tr00097','00030','CD0009796',NULL),(126,'NGUM Epse CHAH   MARY CHE','Classic','paie','21-10-2020 11:51:01',NULL,25000.00,'NANGUE',NULL,NULL,'tr00089','00044','CM0008990',NULL),(127,'NGUM Epse CHAH   MARY CHE','Classic','paie','21-10-2020 11:51:01',NULL,25000.00,'NANGUE',NULL,NULL,'tr00089','00044','CM0008990',NULL),(128,'KAILLY Magloire Bienvenu','Classic','paie','21-10-2020 13:50:47',NULL,25000.00,'KAKI MBONGO',NULL,NULL,'tr00101','00006','SN0010199',NULL),(129,'ATOH  SHELLA NGUM','Classic','paie','21-10-2020 13:46:05',NULL,25000.00,'EPEE MBIA',NULL,NULL,'tr00100','00089','CM0010031',NULL),(130,'Mifunga Sarah','Classic','paie','21-10-2020 12:55:50',NULL,25000.00,'EPEE MBIA',NULL,NULL,'tr00096','00030','CD0009613',NULL),(131,'Ilunga John Sley','Classic','paie','21-10-2020 15:07:16',NULL,25000.00,'EPEE MBIA',NULL,NULL,'tr00107','00030','CD0010776',NULL),(132,'Kabeya Simon','Classic','paie','21-10-2020 14:59:47',NULL,25000.00,'EPEE MBIA',NULL,NULL,'tr00106','00030','CD0010644',NULL),(133,'MIAYOUKOU GRACE DIVIN','Classic','paie','21-10-2020 16:37:55',NULL,25000.00,'Nouboussi Jiometio Epse Mvondo',NULL,NULL,'tr00112','00005','CG0011220',NULL),(134,'MIAYOUKOU GRACE DIVIN','Classic','paie','21-10-2020 16:37:55',NULL,25000.00,'Nouboussi Jiometio Epse Mvondo',NULL,NULL,'tr00112','00005','CG0011220',NULL),(135,'Nouboussi Armel','Classic','paie','20-10-2020 13:54:06',NULL,25000.00,'Nouboussi Jiometio Epse Mvondo',NULL,NULL,'tr00071','00005','CM0007161',NULL),(136,'Nouboussi Armel','Classic','paie','20-10-2020 13:54:06',NULL,25000.00,'Nouboussi Jiometio Epse Mvondo',NULL,NULL,'tr00071','00005','CM0007161',NULL),(137,'Tsanou Alex','Classic','paie','21-10-2020 16:51:31',NULL,25000.00,'Nouboussi Jiometio Epse Mvondo',NULL,NULL,'tr00114','00005','CM0011448',NULL),(138,'Tsanou Alex','Classic','paie','21-10-2020 16:51:31',NULL,25000.00,'Nouboussi Jiometio Epse Mvondo',NULL,NULL,'tr00114','00005','CM0011448',NULL),(139,'Batassi Emmanuella Deneuve','Classic','paie','21-10-2020 16:53:16',NULL,25000.00,'Nouboussi Jiometio Epse Mvondo',NULL,NULL,'tr00115','00005','CM0011580',NULL),(140,'Batassi Emmanuella Deneuve','Classic','paie','21-10-2020 16:53:16',NULL,25000.00,'Nouboussi Jiometio Epse Mvondo',NULL,NULL,'tr00115','00005','CM0011580',NULL),(141,'TCHINDA DADJIO  BLANDIN','Classic','paie','21-10-2020 16:05:54',NULL,25000.00,'NANGUE',NULL,NULL,'tr00109','00067','CM0010934',NULL),(142,'TCHINDA DADJIO  BLANDIN','Classic','paie','21-10-2020 16:05:54',NULL,25000.00,'NANGUE',NULL,NULL,'tr00109','00067','CM0010934',NULL),(143,'Batassi Emmanuella Deneuve','Classic','paie','21-10-2020 16:53:16',NULL,25000.00,'Nouboussi Jiometio Epse Mvondo',NULL,NULL,'tr00115','00005','CM0011580',NULL),(144,'Kenla Lando Grace Delonne','Classic','paie','21-10-2020 14:01:32',NULL,25000.00,'Nouboussi Jiometio Epse Mvondo',NULL,NULL,'tr00102','00005','CM0010216',NULL),(145,'Kenla Lando Grace Delonne','Classic','paie','21-10-2020 14:01:32',NULL,25000.00,'Nouboussi Jiometio Epse Mvondo',NULL,NULL,'tr00102','00005','CM0010216',NULL),(146,'Grace Ashelo Okoh','Classic','paie','21-10-2020 14:29:50',NULL,25000.00,'TUNDE',NULL,NULL,'tr00104','00029','NG0010436',NULL),(147,'Ekaette Ernest Johnson','Classic','paie','21-10-2020 13:00:11',NULL,25000.00,'TUNDE',NULL,NULL,'tr00099','00029','NG0009911',NULL),(148,'Tcheuffa Leumaha Hervé Valaire','Classic','paie','21-10-2020 17:35:04',NULL,25000.00,'Nouboussi Jiometio Epse Mvondo',NULL,NULL,'tr00117','00005','CM0011759',NULL),(149,'Tcheuffa Leumaha Hervé Valaire','Classic','paie','21-10-2020 17:35:04',NULL,25000.00,'Nouboussi Jiometio Epse Mvondo',NULL,NULL,'tr00117','00005','CM0011759',NULL),(150,'Wamba Armel louis','Classic','paie','21-10-2020 18:19:33',NULL,25000.00,'Nouboussi Jiometio Epse Mvondo',NULL,NULL,'tr00120','00005','CM0012074',NULL),(151,'Wamba Armel louis','Classic','paie','21-10-2020 18:19:33',NULL,25000.00,'Nouboussi Jiometio Epse Mvondo',NULL,NULL,'tr00120','00005','CM0012074',NULL),(152,'Seudjeu Hortense','Classic','paie','21-10-2020 17:02:50',NULL,25000.00,'NANGUE',NULL,NULL,'tr00116','00014','CM0011610',NULL),(153,'Seudjeu Hortense','Classic','paie','21-10-2020 17:02:50',NULL,25000.00,'NANGUE',NULL,NULL,'tr00116','00014','CM0011610',NULL),(154,'Seudjeu Hortense','Classic','paie','21-10-2020 17:02:50',NULL,25000.00,'NANGUE',NULL,NULL,'tr00116','00014','CM0011610',NULL),(155,'Margaret  Dakwat ','VIP','paie','21-10-2020 17:57:42',NULL,100000.00,'TUNDE',NULL,NULL,'tr00118','00029','NG0011852',NULL),(156,'TALLA Isabelle','VIP','paie','21-10-2020 19:28:41',NULL,100000.00,'NANGUE',NULL,NULL,'tr00127','00011','CM0012766',NULL),(157,'TALLA Isabelle','VIP','paie','21-10-2020 19:28:41',NULL,100000.00,'NANGUE',NULL,NULL,'tr00127','00011','CM0012766',NULL),(158,'NANGUE TADADJEU Pascal','Classic','paie','21-10-2020 19:34:44',NULL,25000.00,'NANGUE',NULL,NULL,'tr00130','00006','CM0013052',NULL),(159,'NANGUE TADADJEU Pascal','Classic','paie','21-10-2020 19:34:44',NULL,25000.00,'NANGUE',NULL,NULL,'tr00130','00006','CM0013052',NULL),(160,'NANGUE TADADJEU Pascal','Classic','paie','21-10-2020 19:34:44',NULL,25000.00,'NANGUE',NULL,NULL,'tr00130','00006','CM0013052',NULL),(161,'NANGUE MIAFFO Yannick','Classic','paie','21-10-2020 19:43:49',NULL,25000.00,'NANGUE',NULL,NULL,'tr00131','00006','CM0013170',NULL),(162,'NANGUE MIAFFO Yannick','Classic','paie','21-10-2020 19:43:49',NULL,25000.00,'NANGUE',NULL,NULL,'tr00131','00006','CM0013170',NULL),(163,'AWONO NGAH EDZO  BERNARD','Classic','paie','21-10-2020 19:31:01',NULL,25000.00,'EPEE MBIA',NULL,NULL,'tr00128','00024','CD0012893',NULL),(164,'BEGNA BATCHAMEN  SIMPLICE AIME ','Classic','paie','21-10-2020 19:17:25',NULL,25000.00,'EPEE MBIA',NULL,NULL,'tr00125','00002','CM0012576',NULL),(165,'MEKAME NGUELEWOU AIMÉ ','VIP','paie','21-10-2020 19:58:49',NULL,100000.00,'EPEE MBIA',NULL,NULL,'tr00132','00007','CM0013258',NULL),(166,'Tchatoum  Olivier','PLATINUM','paie','21-10-2020 16:07:05',NULL,1000000.00,'NANGUE',NULL,NULL,'tr00110','00009','CM0011081',NULL),(167,'Tchatoum  Olivier','PLATINUM','paie','21-10-2020 16:07:05',NULL,1000000.00,'NANGUE',NULL,NULL,'tr00110','00009','CM0011081',NULL),(168,'KWINDJA  FLORENCE','Classic','paie','21-10-2020 19:34:32',NULL,25000.00,'EPEE MBIA',NULL,NULL,'tr00129','00002','DE0012917',NULL),(169,'OMBASSA MOUELLE  FRANCIS SERGE','Classic','paie','21-10-2020 19:12:02',NULL,25000.00,'EPEE MBIA',NULL,NULL,'tr00123','00024','CM0012319',NULL),(170,'Tchatoum  Olivier','PLATINUM','paie','21-10-2020 16:07:05',NULL,1000000.00,'NANGUE',NULL,NULL,'tr00110','00009','CM0011081',NULL),(171,'MAMBA MITSHIABO  JENNY','Classic','paie','21-10-2020 19:14:43',NULL,25000.00,'EPEE MBIA',NULL,NULL,'tr00124','00002','CD0012497',NULL),(172,'NSEKE NJAH  JOEL ALAIN ','VIP','paie','21-10-2020 19:26:17',NULL,100000.00,'EPEE MBIA',NULL,NULL,'tr00126','00024','CD0012695',NULL),(173,'TCHOKODEU JUDITH CARINE','Classic','paie','21-10-2020 18:18:04',NULL,25000.00,'NANGUE',NULL,NULL,'tr00119','00001','CM0011986',NULL),(174,'TCHOKODEU JUDITH CARINE','Classic','paie','21-10-2020 18:18:04',NULL,25000.00,'NANGUE',NULL,NULL,'tr00119','00001','CM0011986',NULL),(175,'Glen Njulefac Fomengia','Classic','paie','21-10-2020 18:47:01',NULL,25000.00,'Lolah',NULL,NULL,'tr00121','00012','IE0012174',NULL),(176,'Glen Njulefac Fomengia','Classic','paie','21-10-2020 18:47:01',NULL,25000.00,'Lolah',NULL,NULL,'tr00121','00012','IE0012174',NULL),(177,'Sebastian Tupkop','Classic','paie','21-10-2020 14:40:42',NULL,25000.00,'TUNDE',NULL,NULL,'tr00105','00029','NG0010519',NULL),(178,'NKATIE Cindy Merveille','Classic','paie','21-10-2020 21:54:10',NULL,25000.00,'NANGUE',NULL,NULL,'tr00141','00006','CM0014169',NULL),(179,'NKATIE Cindy Merveille','Classic','paie','21-10-2020 21:54:10',NULL,25000.00,'NANGUE',NULL,NULL,'tr00141','00006','CM0014169',NULL),(180,'Djouomou Simo Gwendolin Loïc','Classic','paie','21-10-2020 23:52:04',NULL,25000.00,'NANGUE',NULL,NULL,'tr00150','00011','CM0015044',NULL),(181,'Djouomou Simo Gwendolin Loïc','Classic','paie','21-10-2020 23:52:04',NULL,25000.00,'NANGUE',NULL,NULL,'tr00150','00011','CM0015044',NULL),(182,'KEMAYI Pauline Nkitabungi','Classic','paie','21-10-2020 21:48:45',NULL,25000.00,'KAKI MBONGO',NULL,NULL,'tr00140','00023','SN0014098',NULL),(183,'Simon Pierre Simon Pierre','Classic','pending','21-10-2020 23:24:34',NULL,25000.00,'LEKANE',NULL,NULL,'tr00147','00001','CM0014720',NULL),(184,'Enow Bakia Achere','VIP','paie','22-10-2020 01:41:08',NULL,100000.00,'NANGUE',NULL,NULL,'tr00152','00011','US0015223',NULL),(185,'Enow Bakia Achere','VIP','paie','22-10-2020 01:41:08',NULL,100000.00,'NANGUE',NULL,NULL,'tr00152','00011','US0015223',NULL),(186,'Viviane  Kamegni ','PLATINUM','paie','20-10-2020 08:43:19',NULL,1000000.00,'Guy Bertrand',NULL,NULL,'tr00065','00003','IE0006526',NULL),(187,'Viviane  Kamegni ','Classic','paie','20-10-2020 08:36:11',NULL,25000.00,'Guy Bertrand',NULL,NULL,'tr00064','00003','IE0006464',NULL),(188,'Viviane  Kamegni ','Classic','paie','20-10-2020 08:36:11',NULL,25000.00,'Guy Bertrand',NULL,NULL,'tr00064','00003','IE0006464',NULL),(189,'Kwete Elisée','Classic','paie','21-10-2020 22:21:56',NULL,25000.00,'EPEE MBIA',NULL,NULL,'tr00142','00030','CD0014262',NULL),(190,'Tshiasuma Sylvain','Classic','paie','21-10-2020 22:30:07',NULL,25000.00,'EPEE MBIA',NULL,NULL,'tr00144','00030','CD0014446',NULL),(191,'Masanka Gloria','VIP','paie','21-10-2020 21:35:57',NULL,100000.00,'EPEE MBIA',NULL,NULL,'tr00139','00030','CD0013957',NULL),(192,'LEKANE ARNAUD DIDIER','PLATINUM','paie','17-10-2020 17:05:24',NULL,1000000.00,'NANGUE',NULL,NULL,'tr00001','0000','CM000012',NULL),(193,'Basile MASUA TCHOMBA','Classic','paie','21-10-2020 23:16:47',NULL,25000.00,'EPEE MBIA',NULL,NULL,'tr00146','00030','CD0014670',NULL),(194,'Bridget Ntungwen','VIP','paie','21-10-2020 23:55:51',NULL,100000.00,'EPEE MBIA',NULL,NULL,'tr00151','00046','US0015131',NULL),(195,'BOYEKA BWA BOMOKOLE  WILLY CLAUDE','Classic','paie','21-10-2020 16:48:06',NULL,25000.00,'EPEE MBIA',NULL,NULL,'tr00113','00024','CD0011357',NULL),(196,'René Giscard NYEMBO','Classic','paie','21-10-2020 23:45:46',NULL,25000.00,'EPEE MBIA',NULL,NULL,'tr00149','00030','CD0014929',NULL),(197,'TSAFACK SARAMINE','Classic','paie','22-10-2020 03:27:52',NULL,25000.00,'NANGUE',NULL,NULL,'tr00153','00027','TN0015323',NULL),(198,'TSAFACK SARAMINE','Classic','paie','22-10-2020 03:27:52',NULL,25000.00,'NANGUE',NULL,NULL,'tr00153','00027','TN0015323',NULL),(199,'KUWONG Alain','Classic','paie','22-10-2020 03:49:47',NULL,25000.00,'NANGUE',NULL,NULL,'tr00154','00011','PH0015480',NULL),(200,'KEMAYI Pauline Nkitabungi','VIP','paie','22-10-2020 10:54:55',NULL,100000.00,'KAKI MBONGO',NULL,NULL,'tr00156','00023','SN0015611',NULL),(201,'ZONGO Amélie K Jeanne I','Classic','paie','22-10-2020 12:13:05',NULL,25000.00,'NANGUE',NULL,NULL,'tr00157','00040','BF0015795',NULL),(202,'ZONGO Amélie K Jeanne I','Classic','paie','22-10-2020 12:13:05',NULL,25000.00,'NANGUE',NULL,NULL,'tr00157','00040','BF0015795',NULL),(203,'KOUAKAM Charly','Classic','paie','21-10-2020 20:40:04',NULL,25000.00,'NANGUE',NULL,NULL,'tr00134','00011','CM0013473',NULL),(204,'Aminatou  Minche Mfam ','Classic','paie','22-10-2020 13:51:07',NULL,25000.00,'NANGUE',NULL,NULL,'tr00158','00037','CM0015862',NULL),(205,'Victor  Tout how Nougoue','Classic','paie','21-10-2020 20:42:32',NULL,25000.00,'NANGUE',NULL,NULL,'tr00136','00003','FR0013671',NULL),(206,'TASAMA  JULIET NAHLELA','Classic','paie','22-10-2020 10:07:10',NULL,25000.00,'NANGUE',NULL,NULL,'tr00155','00016','CM0015552',NULL),(207,'NADEGE  KAMBOU','VIP','paie','19-10-2020 03:59:05',NULL,100000.00,'Nouboussi Jiometio Epse Mvondo',NULL,NULL,'tr00045','00005','FR0004548',NULL),(208,'NADEGE  KAMBOU','VIP','paie','19-10-2020 03:59:05',NULL,100000.00,'Nouboussi Jiometio Epse Mvondo',NULL,NULL,'tr00045','00005','FR0004548',NULL),(209,'Michel  Mougang','Classic','paie','21-10-2020 20:30:32',NULL,25000.00,'NANGUE',NULL,NULL,'tr00133','00003','CM0013387',NULL),(210,'NITIDEM KIAKEU Thierry Franck','Classic','paie','21-10-2020 16:01:23',NULL,25000.00,'NANGUE',NULL,NULL,'tr00108','00003','FR0010812',NULL),(211,'Tchuente Choupe Stephanie','VIP','paie','17-10-2020 17:59:50',NULL,100000.00,'Nouboussi Jiometio Epse Mvondo',NULL,NULL,'tr00008','00005','CM0000855',NULL),(212,'Tchuente Choupe Stephanie','VIP','paie','17-10-2020 17:59:50',NULL,100000.00,'Nouboussi Jiometio Epse Mvondo',NULL,NULL,'tr00008','00005','CM0000855',NULL),(213,'Kapinga Eveline','Classic','paie','22-10-2020 17:51:10',NULL,25000.00,'EPEE MBIA',NULL,NULL,'tr00162','00030','CD0016267',NULL),(214,'Nguedia  Michelle ','Classic','paie','22-10-2020 17:18:00',NULL,25000.00,'NANGUE',NULL,NULL,'tr00160','00037','AF0016087',NULL),(215,'Tega  Omogor ','Classic','paie','22-10-2020 18:58:47',NULL,25000.00,'TUNDE',NULL,NULL,'tr00164','00029','NG0016490',NULL),(216,'Kalume Yves','Classic','paie','22-10-2020 19:17:30',NULL,25000.00,'EPEE MBIA',NULL,NULL,'tr00165','00054','CD0016525',NULL),(217,'Simon Pierre Simon Pierre','Classic','paie','22-10-2020 20:06:39',NULL,25000.00,'LEKANE',NULL,NULL,'tr00166','00001','CM0016654',NULL),(218,'Simon Pierre Simon Pierre','Classic','paie','21-10-2020 23:24:34',NULL,25000.00,'LEKANE',NULL,NULL,'tr00147','00001','CM0014720',NULL),(219,'Isabelle MATAMBA KAPINGA','Classic','paie','22-10-2020 20:38:28',NULL,25000.00,'EPEE MBIA',NULL,NULL,'tr00167','00030','CD0016790',NULL),(220,'Simon Pierre Simon Pierre','Classic','paie','21-10-2020 23:24:34',NULL,25000.00,'LEKANE',NULL,NULL,'tr00147','00001','CM0014720',NULL),(221,'Simon Pierre Simon Pierre','Classic','paie','22-10-2020 21:00:00',NULL,25000.00,'LEKANE',NULL,NULL,'tr00168','00001','CM0016815',NULL),(222,'Simon Pierre Simon Pierre','Classic','paie','22-10-2020 21:10:54',NULL,25000.00,'LEKANE',NULL,NULL,'tr00171','00001','CM0017199',NULL),(223,'Simon Pierre Simon Pierre','Classic','paie','22-10-2020 21:10:54',NULL,25000.00,'LEKANE',NULL,NULL,'tr00171','00001','CM0017199',NULL),(224,' ',NULL,NULL,NULL,NULL,NULL,'NANGUE',NULL,NULL,NULL,NULL,NULL,NULL),(225,'DJINE RAPHAEL','PLATINUM','paie','23-10-2020 01:19:22',NULL,1000000.00,'NANGUE',NULL,NULL,'tr00176','00001','US0017612',NULL),(226,'AFFIONME H. Emmanuel Rodrigue','Classic','paie','22-10-2020 21:01:16',NULL,25000.00,'NANGUE',NULL,NULL,'tr00169','00040','BJ0016994',NULL),(227,'AFFIONME H. Emmanuel Rodrigue','Classic','paie','22-10-2020 21:01:16',NULL,25000.00,'NANGUE',NULL,NULL,'tr00169','00040','BJ0016994',NULL),(228,'FOUNDOHOU O. Saara','Classic','paie','22-10-2020 17:17:23',NULL,25000.00,'NANGUE',NULL,NULL,'tr00159','00040','BJ0015951',NULL),(229,'OKON INNOCENT','Classic','paie','23-10-2020 01:34:16',NULL,25000.00,'NANGUE',NULL,NULL,'tr00177','00011','CM0017780',NULL),(230,'MUNYOH  Jude Mbaku','Classic','paie','22-10-2020 21:07:01',NULL,25000.00,'NANGUE',NULL,NULL,'tr00170','00011','CM0017087',NULL),(231,'BODA DJINE AUDE GLADYS','Classic','paie','23-10-2020 02:13:28',NULL,25000.00,'NANGUE',NULL,NULL,'tr00178','00176','CM0017875',NULL),(232,'AVOGNON Gratias Emile Junior','VIP','paie','21-10-2020 22:22:44',NULL,100000.00,'NANGUE',NULL,NULL,'tr00143','00051','AF0014328',NULL),(233,'Enowbi nadege Agbornjah','Classic','paie','20-10-2020 04:39:14',NULL,25000.00,'NANGUE',NULL,NULL,'tr00061','00044','CM0006163',NULL),(234,'Ambe Ayongwa','Classic','paie','20-10-2020 04:25:11',NULL,25000.00,'NANGUE',NULL,NULL,'tr00060','00044','AF0006059',NULL),(235,'Akonwi Asana','Classic','paie','20-10-2020 05:44:13',NULL,25000.00,'NANGUE',NULL,NULL,'tr00062','00044','RW0006278',NULL),(236,'AWAH  OTTO CLAUVIS','Classic','paie','23-10-2020 02:52:08',NULL,25000.00,'NANGUE',NULL,NULL,'tr00180','00044','CM0018017',NULL),(237,'NORA SAKAL','Classic','paie','23-10-2020 03:41:50',NULL,25000.00,'NANGUE',NULL,NULL,'tr00181','00176','US0018187',NULL),(238,'Somadina  Okafor','Classic','paie','23-10-2020 04:26:46',NULL,25000.00,'TUNDE',NULL,NULL,'tr00182','00029','NG0018280',NULL),(239,'Ebiguetie Simon Pierre','PLATINUM','paie','23-10-2020 10:52:24',NULL,1000000.00,'LEKANE',NULL,NULL,'tr00191','00001','CM0019127',NULL),(240,'Ebiguetie Simon Pierre','PLATINUM','paie','23-10-2020 10:52:24',NULL,1000000.00,'LEKANE',NULL,NULL,'tr00191','00001','CM0019127',NULL),(241,'Ebiguetie Simon Pierre','PLATINUM','paie','23-10-2020 10:52:24',NULL,1000000.00,'LEKANE',NULL,NULL,'tr00191','00001','CM0019127',NULL),(242,'Ebiguetie Simon Pierre','PLATINUM','paie','23-10-2020 10:52:24',NULL,1000000.00,'LEKANE',NULL,NULL,'tr00191','00001','CM0019127',NULL),(243,'ATANGA ARNOLD','Classic','paie','23-10-2020 14:04:17',NULL,25000.00,'NANGUE',NULL,NULL,'tr00192','00176','US0019223',NULL),(244,'Virginie FATUMA MUND','Classic','paie','22-10-2020 22:52:05',NULL,25000.00,'EPEE MBIA',NULL,NULL,'tr00175','00030','AF0017586',NULL),(245,'Rose Kapinga MPUEKELE','Classic','paie','22-10-2020 22:45:01',NULL,25000.00,'EPEE MBIA',NULL,NULL,'tr00173','00030','AF0017395',NULL),(246,'Evariste Roger kalongi','Classic','paie','22-10-2020 22:47:49',NULL,25000.00,'EPEE MBIA',NULL,NULL,'tr00174','00030','CD0017432',NULL),(247,'NGNINGONE  Telly','Classic','paie','23-10-2020 16:00:04',NULL,25000.00,'NANGUE',NULL,NULL,'tr00194','00037','ZA0019413',NULL),(248,'Angela  Michael -Sanda','VIP','paie','23-10-2020 14:43:01',NULL,100000.00,'TUNDE',NULL,NULL,'tr00193','00029','NG0019393',NULL),(249,'Felicia Happiness  Olojede ','VIP','paie','23-10-2020 17:35:14',NULL,100000.00,'TUNDE',NULL,NULL,'tr00195','00029','NG0019523',NULL),(250,'Ayuk  B.  PARKER','VIP','paie','23-10-2020 20:08:49',NULL,100000.00,'NANGUE',NULL,NULL,'tr00196','00152 ','US0019630',NULL),(251,'Okiemute   Olori','Classic','paie','22-10-2020 18:42:33',NULL,25000.00,'TUNDE',NULL,NULL,'tr00163','00029','NG0016376',NULL),(252,'Teufack  Valerie ','Classic','paie','23-10-2020 21:27:32',NULL,25000.00,'Nouboussi Jiometio Epse Mvondo',NULL,NULL,'tr00197','00005','CM0019784',NULL),(253,'Teufack  Valerie ','Classic','paie','23-10-2020 21:27:32',NULL,25000.00,'Nouboussi Jiometio Epse Mvondo',NULL,NULL,'tr00197','00005','CM0019784',NULL),(254,'UDUAK JULIA','Classic','paie','24-10-2020 02:43:10',NULL,25000.00,'NANGUE',NULL,NULL,'tr00200','00029','NG0020011',NULL),(255,'Pierre  Kapange ','VIP','paie','24-10-2020 02:15:18',NULL,100000.00,'NANGUE',NULL,NULL,'tr00199','00074','US0019955',NULL),(256,'Chrispin Kasongo','Classic','paie','24-10-2020 14:34:12',NULL,25000.00,'EPEE MBIA',NULL,NULL,'tr00201','00030','CD0020152',NULL),(257,'Bilonda Marie','Classic','paie','23-10-2020 02:45:26',NULL,25000.00,'EPEE MBIA',NULL,NULL,'tr00179','00054','CD0017917',NULL),(258,'Fossom  Felicite ','Classic','paie','23-10-2020 07:37:21',NULL,25000.00,'NANGUE',NULL,NULL,'tr00183','00074','ES0018356',NULL),(259,'Simon LUNGIEKI TEKA','Classic','paie','25-10-2020 12:27:37',NULL,25000.00,'EPEE MBIA',NULL,NULL,'tr00202','00030','CD0020294',NULL),(260,'Jean Paul Basile  Donfack Asobdong ','Classic','paie','25-10-2020 19:00:29',NULL,25000.00,'NANGUE',NULL,NULL,'tr00204','00003','GB0020488',NULL),(261,'Amina Ogunde','Classic','paie','25-10-2020 21:59:09',NULL,25000.00,'TUNDE',NULL,NULL,'tr00205','00029','NG0020565',NULL),(262,'MBOUMBA ROLAND PHARES','Classic','paie','25-10-2020 16:48:33',NULL,25000.00,'NANGUE',NULL,NULL,'tr00203','00030','GA0020332',NULL),(263,'TCHAKOUTE Bertrand','Classic','paie','18-10-2020 20:50:37',NULL,25000.00,'EPEE MBIA',NULL,NULL,'tr00043','00002','CI0004362',NULL),(264,'TCHAKOUTE Bertrand','Classic','paie','18-10-2020 20:50:37',NULL,25000.00,'EPEE MBIA',NULL,NULL,'tr00043','00002','CI0004362',NULL),(265,'NGOUFFO SERGE','Classic','paie','26-10-2020 03:32:00',NULL,25000.00,'NANGUE',NULL,NULL,'tr00206','00009','CM0020776',NULL),(266,'Nkonko Yannick','Classic','paie','26-10-2020 20:33:45',NULL,25000.00,'EPEE MBIA',NULL,NULL,'tr00213','00030','CD0021433',NULL),(267,'Mangala Libère','Classic','paie','26-10-2020 19:19:27',NULL,25000.00,'EPEE MBIA',NULL,NULL,'tr00208','00030','CD0020976',NULL),(268,'Monga lisangi Flory','Classic','paie','26-10-2020 19:24:10',NULL,25000.00,'EPEE MBIA',NULL,NULL,'tr00209','00030','CD0021061',NULL),(269,'Janvier NZE','Classic','paie','26-10-2020 20:21:17',NULL,25000.00,'EPEE MBIA',NULL,NULL,'tr00211','00030','AF0021247',NULL),(270,'NKUITCHOU MBAKOP  Kevin-Roger ','Classic','paie','26-10-2020 20:45:39',NULL,25000.00,'Nouboussi Jiometio Epse Mvondo',NULL,NULL,'tr00214','00005','CM0021580',NULL),(271,'NKUITCHOU MBAKOP  Kevin-Roger ','Classic','paie','26-10-2020 20:45:39',NULL,25000.00,'Nouboussi Jiometio Epse Mvondo',NULL,NULL,'tr00214','00005','CM0021580',NULL),(272,'Kwete Grace','Classic','paie','26-10-2020 20:22:58',NULL,25000.00,'EPEE MBIA',NULL,NULL,'tr00212','00030','CD0021339',NULL),(273,'Kwete Grace','Classic','paie','26-10-2020 20:22:58',NULL,25000.00,'EPEE MBIA',NULL,NULL,'tr00212','00030','CD0021339',NULL),(274,'TAPIGUE ROSSINI','Classic','paie','26-10-2020 09:03:03',NULL,25000.00,'NANGUE',NULL,NULL,'tr00207','00001','CM0020834',NULL),(275,'Kabalu Olga','Classic','paie','27-10-2020 19:26:00',NULL,25000.00,'EPEE MBIA',NULL,NULL,'tr00218','00030','CD0021966',NULL),(276,'Kabalu Olga','Classic','paie','27-10-2020 19:26:00',NULL,25000.00,'EPEE MBIA',NULL,NULL,'tr00218','00030','CD0021966',NULL),(277,'Disulayi Jean Paul','Classic','paie','27-10-2020 19:37:04',NULL,25000.00,'EPEE MBIA',NULL,NULL,'tr00219','00030','CD0022033',NULL),(278,'Helen  Kokoruwe','Classic','paie','27-10-2020 14:57:29',NULL,25000.00,'TUNDE',NULL,NULL,'tr00217','00029','NG0021820',NULL),(279,'TCHOKOMANI ERIC','Classic','paie','27-10-2020 20:22:12',NULL,25000.00,'EPEE MBIA',NULL,NULL,'tr00222','00030','GA0022330',NULL),(280,'TUICHY Kevin','Classic','paie','27-10-2020 20:13:04',NULL,25000.00,'EPEE MBIA',NULL,NULL,'tr00221','00030','CD0022210',NULL),(281,'ASRA BEDA Omega Nathalie','Classic','paie','27-10-2020 22:09:30',NULL,25000.00,'NANGUE',NULL,NULL,'tr00223','00030','TG0022433',NULL),(282,'ANAMINE  Brénam','Classic','paie','27-10-2020 02:27:26',NULL,25000.00,'NANGUE',NULL,NULL,'tr00216','00030','TG0021728',NULL),(283,'Etongo Ruth','Classic','paie','27-10-2020 01:42:32',NULL,25000.00,'NANGUE',NULL,NULL,'tr00215','00030','BF0021644',NULL),(284,'Agnes TSHIMANGA ODIA','Classic','paie','28-10-2020 14:59:38',NULL,25000.00,'EPEE MBIA',NULL,NULL,'tr00226','00030','CD0022788',NULL),(285,'Kitambungi Ghislain','Classic','paie','27-10-2020 19:50:28',NULL,25000.00,'EPEE MBIA',NULL,NULL,'tr00220','00030','CD0022143',NULL),(286,'Sire bright MUCO','Classic','paie','28-10-2020 21:20:38',NULL,25000.00,'EPEE MBIA',NULL,NULL,'tr00227','00030','BI0022884',NULL),(287,'Moudoumbet Gilchrist','Classic','paie','28-10-2020 10:45:04',NULL,25000.00,'NANGUE',NULL,NULL,'tr00225','00030','GA0022629',NULL),(288,'Mulumba Kabemba Luc','Classic','paie','28-10-2020 22:22:35',NULL,25000.00,'EPEE MBIA',NULL,NULL,'tr00228','00030','CD0022922',NULL),(289,'BILOGHE judicaëlle','VIP','paie','05-11-2020 14:10:33',NULL,100000.00,'NANGUE',NULL,NULL,'tr00229','00054','GA0023030',NULL),(290,'TSAFACK ETIENNE','VIP','paie','05-11-2020 23:32:19',NULL,100000.00,'NANGUE',NULL,NULL,'tr00230','00001','CM0023138',NULL),(291,'LEKANE NEMPA GHISLAIN','Classic','paie','06-11-2020 00:16:21',NULL,25000.00,'NANGUE',NULL,NULL,'tr00231','00001','CM0023246',NULL);

#
# Structure for table "tbl_options"
#

DROP TABLE IF EXISTS `tbl_options`;
CREATE TABLE `tbl_options` (
  `id` int(11) NOT NULL AUTO_INCREMENT,
  `name` varchar(255) COLLATE utf8mb4_unicode_ci DEFAULT NULL,
  `value` longtext COLLATE utf8mb4_unicode_ci DEFAULT NULL,
  PRIMARY KEY (`id`)
) ENGINE=InnoDB DEFAULT CHARSET=utf8mb4 COLLATE=utf8mb4_unicode_ci;

#
# Data for table "tbl_options"
#


#
# Structure for table "tbl_payments_modes"
#

DROP TABLE IF EXISTS `tbl_payments_modes`;
CREATE TABLE `tbl_payments_modes` (
  `id` int(11) NOT NULL,
  `nom` varchar(255) COLLATE utf8mb4_unicode_ci DEFAULT NULL,
  `status` int(11) DEFAULT NULL,
  PRIMARY KEY (`id`)
) ENGINE=InnoDB DEFAULT CHARSET=utf8mb4 COLLATE=utf8mb4_unicode_ci;

#
# Data for table "tbl_payments_modes"
#

INSERT INTO `tbl_payments_modes` VALUES (1,'ORANGE MONEY',0),(2,'MOBILE MONEY',1),(3,'PAYPAL',0),(4,'COUNTRY REPRESENTATES',1);

#
# Structure for table "tbl_plans"
#

DROP TABLE IF EXISTS `tbl_plans`;
CREATE TABLE `tbl_plans` (
  `id` int(11) NOT NULL,
  `name` varchar(255) DEFAULT NULL,
  `price` decimal(10,2) DEFAULT NULL,
  `description` text DEFAULT NULL,
  `state` varchar(255) DEFAULT NULL,
  `order` int(255) DEFAULT NULL,
  `price_euro` decimal(10,2) DEFAULT NULL,
  `price_dollard` decimal(10,2) DEFAULT NULL,
  PRIMARY KEY (`id`) USING BTREE
) ENGINE=InnoDB DEFAULT CHARSET=utf8mb4 ROW_FORMAT=DYNAMIC;

#
# Data for table "tbl_plans"
#

INSERT INTO `tbl_plans` VALUES (1,'Classic',25000.00,' <div class=\"d-flex align-items-center mb-2\">\r\n                                                    <i data-feather=\"check\" class=\"icon-md text-primary mr-2\"></i>\r\n                                                    <p>Accès à la retraite + accès à la communauté</p>\r\n                                                </div>\r\n                                                <div class=\"d-flex align-items-center mb-2\">\r\n                                                    <i data-feather=\"check\" class=\"icon-md text-primary mr-2\"></i>\r\n                                                    <p>Facebook et au groupe whatsapp</p>\r\n                                                </div>\r\n                                                <div class=\"d-flex align-items-center mb-2\">\r\n                                                    <i data-feather=\"check\" class=\"icon-md text-primary mr-2\"></i>\r\n                                                    <p>Manuel étudiant + certificat</p>\r\n                                                </div>\r\n                                               ','1',NULL,45.00,50.00),(2,'VIP',100000.00,' <div class=\"d-flex align-items-center mb-2\">\r\n                                                    <i data-feather=\"check\" class=\"icon-md text-primary mr-2\"></i>\r\n                                                    <p>Même avantages que le classique</p>\r\n                                                </div>\r\n                                                <div class=\"d-flex align-items-center mb-2\">\r\n                                                    <i data-feather=\"check\" class=\"icon-md text-primary mr-2\"></i>\r\n                                                    <p>Session de groupe privée avec coach</p>\r\n                                                </div>\r\n                                                <div class=\"d-flex align-items-center mb-2\">\r\n                                                    <i data-feather=\"check\" class=\"icon-md text-primary mr-2\"></i>\r\n                                                    <p>Vidéo de témoignage pendant la séssion</p>\r\n                                                </div>\r\n                                                 <div class=\"d-flex align-items-center mb-2\">\r\n                                                    <i data-feather=\"check\" class=\"icon-md text-primary mr-2\"></i>\r\n                                                    <p>Droit aux questions en direct pendant la séssion</p>\r\n                                                </div>\r\n                                               ','1',NULL,180.00,200.00),(3,'PLATINUM',1000000.00,' <div class=\"d-flex align-items-center mb-2\">\r\n                                                    <i data-feather=\"check\" class=\"icon-md text-primary mr-2\"></i>\r\n                                                    <p>Même avantages que le VIP</p>\r\n                                                </div>\r\n                                                <div class=\"d-flex align-items-center mb-2\">\r\n                                                    <i data-feather=\"check\" class=\"icon-md text-primary mr-2\"></i>\r\n                                                    <p>01 journée avec le coach</p>\r\n                                                </div>\r\n                                                <div class=\"d-flex align-items-center mb-2\">\r\n                                                    <i data-feather=\"check\" class=\"icon-md text-primary mr-2\"></i>\r\n                                                    <p>02 autres sessions privées avec coach</p>\r\n                                                </div>\r\n                                                 <div class=\"d-flex align-items-center mb-2\">\r\n                                                    <i data-feather=\"check\" class=\"icon-md text-primary mr-2\"></i>\r\n                                                    <p>Suggestion de 05 projets à lancer immédiatement</p>\r\n                                                </div>','1',NULL,1800.00,2000.00);

#
# Structure for table "tbl_representates"
#

DROP TABLE IF EXISTS `tbl_representates`;
CREATE TABLE `tbl_representates` (
  `id` int(11) NOT NULL AUTO_INCREMENT,
  `user_id` int(11) DEFAULT NULL,
  `country_id` int(11) DEFAULT NULL,
  `phone_2` varchar(255) DEFAULT NULL,
  `phone_1` varchar(255) DEFAULT NULL,
  `is_main` int(1) DEFAULT NULL,
  `due` datetime DEFAULT NULL,
  PRIMARY KEY (`id`) USING BTREE
) ENGINE=InnoDB AUTO_INCREMENT=25 DEFAULT CHARSET=utf8mb4 ROW_FORMAT=DYNAMIC;

#
# Data for table "tbl_representates"
#

INSERT INTO `tbl_representates` VALUES (1,1,37,NULL,NULL,NULL,NULL),(3,1,2,'','',NULL,'2020-10-17 19:18:00'),(6,5,40,'','+237 676932691',NULL,'2020-10-17 20:37:00'),(7,23,188,'','+221 77 301 31 46',NULL,'2020-10-17 20:19:00'),(8,2,37,'','+237 699922568',NULL,'2020-10-17 20:21:00'),(15,30,50,'','+243 816 156 426',NULL,'2020-10-18 12:02:00'),(16,31,50,'','+243 816 156 426',NULL,'2020-10-18 12:36:00'),(17,12,103,'','+353 87 450 8052',NULL,'2020-10-18 12:28:00'),(18,6,37,'','+237 70066769',NULL,'2020-10-18 12:54:00'),(19,27,37,'','+216 56 053 230',NULL,'2020-10-18 18:49:00'),(20,40,23,'','+221 77 163 78 72',NULL,'2020-10-18 18:18:00'),(21,29,156,'','+234 805 518 4819',NULL,'2020-10-18 19:37:00'),(22,58,38,'','+1 (450) 209-2308',NULL,'2020-10-20 13:44:00'),(23,54,50,'','+243 997 336 493',NULL,'2020-10-21 12:07:00'),(24,3,103,'','+353863572112',NULL,'2020-10-21 21:40:00');

#
# Structure for table "tbl_roles"
#

DROP TABLE IF EXISTS `tbl_roles`;
CREATE TABLE `tbl_roles` (
  `id` int(11) NOT NULL AUTO_INCREMENT,
  `name` varchar(255) DEFAULT NULL,
  `active` int(1) DEFAULT 1,
  PRIMARY KEY (`id`) USING BTREE
) ENGINE=InnoDB AUTO_INCREMENT=4 DEFAULT CHARSET=utf8mb4 ROW_FORMAT=DYNAMIC;

#
# Data for table "tbl_roles"
#

INSERT INTO `tbl_roles` VALUES (1,'Client',1),(2,'Admin',1),(3,'Representant',1);

#
# Structure for table "tbl_transactions"
#

DROP TABLE IF EXISTS `tbl_transactions`;
CREATE TABLE `tbl_transactions` (
  `id` int(11) NOT NULL AUTO_INCREMENT,
  `user_id` int(11) DEFAULT NULL,
  `plan_id` int(11) DEFAULT NULL,
  `status` varchar(255) DEFAULT NULL,
  `due` varchar(255) DEFAULT NULL,
  `mode_paiement` int(11) DEFAULT NULL,
  `amount` decimal(10,2) DEFAULT NULL,
  `by_user_id` int(11) DEFAULT NULL,
  `created_at` datetime DEFAULT NULL,
  `updated_at` datetime DEFAULT NULL,
  `num_trans` varchar(255) DEFAULT NULL,
  PRIMARY KEY (`id`) USING BTREE
) ENGINE=InnoDB AUTO_INCREMENT=232 DEFAULT CHARSET=utf8mb4 ROW_FORMAT=DYNAMIC;

#
# Data for table "tbl_transactions"
#

INSERT INTO `tbl_transactions` VALUES (1,1,3,'paie','17-10-2020 17:05:24',NULL,1000000.00,NULL,'0000-00-00 00:00:00',NULL,'tr00001'),(2,2,2,'paie','17-10-2020 17:22:40',NULL,100000.00,NULL,'0000-00-00 00:00:00',NULL,'tr00002'),(3,3,3,'paie','17-10-2020 17:22:57',NULL,1000000.00,NULL,'0000-00-00 00:00:00',NULL,'tr00003'),(4,4,1,'paie','17-10-2020 17:24:37',NULL,25000.00,NULL,'0000-00-00 00:00:00',NULL,'tr00004'),(5,5,2,'paie','17-10-2020 17:25:18',NULL,100000.00,NULL,'0000-00-00 00:00:00',NULL,'tr00005'),(6,6,2,'paie','17-10-2020 17:41:49',NULL,100000.00,NULL,'0000-00-00 00:00:00',NULL,'tr00006'),(7,7,2,'paie','17-10-2020 17:58:19',NULL,100000.00,NULL,'0000-00-00 00:00:00',NULL,'tr00007'),(8,8,2,'paie','17-10-2020 17:59:50',NULL,100000.00,NULL,'0000-00-00 00:00:00',NULL,'tr00008'),(9,9,2,'paie','17-10-2020 18:09:16',NULL,100000.00,NULL,'0000-00-00 00:00:00',NULL,'tr00009'),(10,10,2,'pending','17-10-2020 18:10:29',NULL,100000.00,NULL,'0000-00-00 00:00:00',NULL,'tr00010'),(11,11,3,'paie','17-10-2020 18:12:53',NULL,1000000.00,NULL,'0000-00-00 00:00:00',NULL,'tr00011'),(12,12,3,'paie','17-10-2020 18:13:25',NULL,1000000.00,NULL,'0000-00-00 00:00:00',NULL,'tr00012'),(13,13,2,'pending','17-10-2020 18:13:44',NULL,100000.00,NULL,'0000-00-00 00:00:00',NULL,'tr00013'),(14,14,2,'paie','17-10-2020 18:14:17',NULL,100000.00,NULL,'0000-00-00 00:00:00',NULL,'tr00014'),(16,16,2,'paie','17-10-2020 18:30:02',NULL,100000.00,NULL,'0000-00-00 00:00:00',NULL,'tr00016'),(17,17,1,'paie','17-10-2020 18:30:05',NULL,25000.00,NULL,'0000-00-00 00:00:00',NULL,'tr00017'),(18,18,1,'paie','17-10-2020 18:33:57',NULL,25000.00,NULL,'0000-00-00 00:00:00',NULL,'tr00018'),(19,19,1,'paie','17-10-2020 18:37:25',NULL,25000.00,NULL,'0000-00-00 00:00:00',NULL,'tr00019'),(20,20,1,'paie','17-10-2020 18:40:04',NULL,25000.00,NULL,'0000-00-00 00:00:00',NULL,'tr00020'),(21,21,1,'paie','17-10-2020 18:43:58',NULL,25000.00,NULL,'0000-00-00 00:00:00',NULL,'tr00021'),(22,22,1,'paie','17-10-2020 18:49:57',NULL,25000.00,NULL,'0000-00-00 00:00:00',NULL,'tr00022'),(23,23,2,'paie','17-10-2020 19:15:48',NULL,100000.00,NULL,'0000-00-00 00:00:00',NULL,'tr00023'),(24,24,2,'paie','17-10-2020 19:28:42',NULL,100000.00,NULL,'0000-00-00 00:00:00',NULL,'tr00024'),(25,25,2,'paie','17-10-2020 20:39:20',NULL,100000.00,NULL,'0000-00-00 00:00:00',NULL,'tr00025'),(26,26,2,'pending','17-10-2020 20:41:12',NULL,100000.00,NULL,'0000-00-00 00:00:00',NULL,'tr00026'),(27,27,1,'paie','17-10-2020 21:09:51',NULL,25000.00,NULL,'0000-00-00 00:00:00',NULL,'tr00027'),(29,29,1,'paie','18-10-2020 03:46:33',NULL,25000.00,NULL,'0000-00-00 00:00:00',NULL,'tr00029'),(30,30,2,'paie','18-10-2020 05:22:10',NULL,100000.00,NULL,'0000-00-00 00:00:00',NULL,'tr00030'),(31,31,1,'pending','18-10-2020 05:28:39',NULL,25000.00,NULL,'0000-00-00 00:00:00',NULL,'tr00031'),(34,34,1,'pending','18-10-2020 08:01:29',NULL,25000.00,NULL,'0000-00-00 00:00:00',NULL,'tr00034'),(35,35,1,'pending','18-10-2020 08:08:24',NULL,25000.00,NULL,'0000-00-00 00:00:00',NULL,'tr00035'),(36,36,2,'pending','18-10-2020 08:11:32',NULL,100000.00,NULL,'0000-00-00 00:00:00',NULL,'tr00036'),(37,37,3,'paie','18-10-2020 08:13:09',NULL,1000000.00,NULL,'0000-00-00 00:00:00',NULL,'tr00037'),(39,39,1,'paie','18-10-2020 11:48:06',NULL,25000.00,NULL,'0000-00-00 00:00:00',NULL,'tr00039'),(40,40,2,'paie','18-10-2020 14:10:35',NULL,100000.00,NULL,'0000-00-00 00:00:00',NULL,'tr00040'),(41,41,1,'paie','18-10-2020 19:30:43',NULL,25000.00,NULL,'0000-00-00 00:00:00',NULL,'tr00041'),(42,42,2,'pending','18-10-2020 20:24:01',NULL,100000.00,NULL,'0000-00-00 00:00:00',NULL,'tr00042'),(43,43,1,'paie','18-10-2020 20:50:37',NULL,25000.00,NULL,'0000-00-00 00:00:00',NULL,'tr00043'),(44,44,2,'paie','18-10-2020 22:01:31',NULL,100000.00,NULL,'0000-00-00 00:00:00',NULL,'tr00044'),(45,45,2,'paie','19-10-2020 03:59:05',NULL,100000.00,NULL,'0000-00-00 00:00:00',NULL,'tr00045'),(46,46,2,'paie','19-10-2020 05:12:51',NULL,100000.00,NULL,'0000-00-00 00:00:00',NULL,'tr00046'),(48,48,2,'paie','19-10-2020 09:14:04',NULL,100000.00,NULL,'0000-00-00 00:00:00',NULL,'tr00048'),(49,49,1,'pending','19-10-2020 10:11:02',NULL,25000.00,NULL,'0000-00-00 00:00:00',NULL,'tr00049'),(50,50,1,'paie','19-10-2020 10:39:41',NULL,25000.00,NULL,'0000-00-00 00:00:00',NULL,'tr00050'),(51,51,2,'paie','19-10-2020 11:42:27',NULL,100000.00,NULL,'0000-00-00 00:00:00',NULL,'tr00051'),(52,52,1,'paie','19-10-2020 12:00:58',NULL,25000.00,NULL,'0000-00-00 00:00:00',NULL,'tr00052'),(53,53,2,'paie','19-10-2020 13:08:16',NULL,100000.00,NULL,'0000-00-00 00:00:00',NULL,'tr00053'),(54,54,2,'paie','19-10-2020 13:54:50',NULL,100000.00,NULL,'0000-00-00 00:00:00',NULL,'tr00054'),(55,55,3,'pending','19-10-2020 14:26:17',NULL,1000000.00,NULL,'0000-00-00 00:00:00',NULL,'tr00055'),(56,56,2,'paie','19-10-2020 19:21:03',NULL,100000.00,NULL,'0000-00-00 00:00:00',NULL,'tr00056'),(57,57,1,'paie','19-10-2020 20:53:23',NULL,25000.00,NULL,'0000-00-00 00:00:00',NULL,'tr00057'),(58,58,2,'paie','20-10-2020 03:18:37',NULL,100000.00,NULL,'0000-00-00 00:00:00',NULL,'tr00058'),(59,59,1,'paie','20-10-2020 03:34:33',NULL,25000.00,NULL,'0000-00-00 00:00:00',NULL,'tr00059'),(60,60,1,'paie','20-10-2020 04:25:11',NULL,25000.00,NULL,'0000-00-00 00:00:00',NULL,'tr00060'),(61,61,1,'paie','20-10-2020 04:39:14',NULL,25000.00,NULL,'0000-00-00 00:00:00',NULL,'tr00061'),(62,62,1,'paie','20-10-2020 05:44:13',NULL,25000.00,NULL,'0000-00-00 00:00:00',NULL,'tr00062'),(63,63,1,'pending','20-10-2020 06:06:35',NULL,25000.00,NULL,'0000-00-00 00:00:00',NULL,'tr00063'),(64,64,1,'paie','20-10-2020 08:36:11',NULL,25000.00,NULL,'0000-00-00 00:00:00',NULL,'tr00064'),(65,65,3,'paie','20-10-2020 08:43:19',NULL,1000000.00,NULL,'0000-00-00 00:00:00',NULL,'tr00065'),(66,66,1,'paie','20-10-2020 09:22:32',NULL,25000.00,NULL,'0000-00-00 00:00:00',NULL,'tr00066'),(67,67,1,'paie','20-10-2020 09:48:53',NULL,25000.00,NULL,'0000-00-00 00:00:00',NULL,'tr00067'),(68,68,1,'paie','20-10-2020 10:59:48',NULL,25000.00,NULL,'0000-00-00 00:00:00',NULL,'tr00068'),(69,69,1,'paie','20-10-2020 11:24:47',NULL,25000.00,NULL,'0000-00-00 00:00:00',NULL,'tr00069'),(70,70,1,'paie','20-10-2020 12:12:58',NULL,25000.00,NULL,'0000-00-00 00:00:00',NULL,'tr00070'),(71,71,1,'paie','20-10-2020 13:54:06',NULL,25000.00,NULL,'0000-00-00 00:00:00',NULL,'tr00071'),(72,72,1,'paie','20-10-2020 14:29:44',NULL,25000.00,NULL,'0000-00-00 00:00:00',NULL,'tr00072'),(73,73,1,'paie','20-10-2020 15:09:54',NULL,25000.00,NULL,'0000-00-00 00:00:00',NULL,'tr00073'),(74,74,1,'paie','20-10-2020 15:25:02',NULL,25000.00,NULL,'0000-00-00 00:00:00',NULL,'tr00074'),(75,75,1,'paie','20-10-2020 17:37:06',NULL,25000.00,NULL,'0000-00-00 00:00:00',NULL,'tr00075'),(76,76,1,'pending','20-10-2020 19:05:08',NULL,25000.00,NULL,'0000-00-00 00:00:00',NULL,'tr00076'),(77,77,1,'pending','20-10-2020 19:10:10',NULL,25000.00,NULL,'0000-00-00 00:00:00',NULL,'tr00077'),(78,78,1,'paie','20-10-2020 19:17:48',NULL,25000.00,NULL,'0000-00-00 00:00:00',NULL,'tr00078'),(79,79,1,'paie','20-10-2020 19:22:03',NULL,25000.00,NULL,'0000-00-00 00:00:00',NULL,'tr00079'),(80,80,1,'paie','20-10-2020 19:30:52',NULL,25000.00,NULL,'0000-00-00 00:00:00',NULL,'tr00080'),(81,81,1,'paie','20-10-2020 23:01:36',NULL,25000.00,NULL,'0000-00-00 00:00:00',NULL,'tr00081'),(82,82,1,'paie','20-10-2020 23:13:26',NULL,25000.00,NULL,'0000-00-00 00:00:00',NULL,'tr00082'),(83,83,2,'pending','21-10-2020 05:19:00',NULL,100000.00,NULL,'0000-00-00 00:00:00',NULL,'tr00083'),(84,84,2,'paie','21-10-2020 05:28:58',NULL,100000.00,NULL,'0000-00-00 00:00:00',NULL,'tr00084'),(85,85,1,'paie','21-10-2020 06:19:20',NULL,25000.00,NULL,'0000-00-00 00:00:00',NULL,'tr00085'),(86,86,1,'paie','21-10-2020 07:51:58',NULL,25000.00,NULL,'0000-00-00 00:00:00',NULL,'tr00086'),(87,87,1,'paie','21-10-2020 07:55:30',NULL,25000.00,NULL,'0000-00-00 00:00:00',NULL,'tr00087'),(88,88,1,'paie','21-10-2020 11:43:09',NULL,25000.00,NULL,'0000-00-00 00:00:00',NULL,'tr00088'),(89,89,1,'paie','21-10-2020 11:51:01',NULL,25000.00,NULL,'0000-00-00 00:00:00',NULL,'tr00089'),(90,90,1,'pending','21-10-2020 12:00:59',NULL,25000.00,NULL,'0000-00-00 00:00:00',NULL,'tr00090'),(91,91,1,'paie','21-10-2020 12:19:11',NULL,25000.00,NULL,'0000-00-00 00:00:00',NULL,'tr00091'),(92,92,2,'pending','21-10-2020 12:21:23',NULL,100000.00,NULL,'0000-00-00 00:00:00',NULL,'tr00092'),(93,93,1,'paie','21-10-2020 12:32:08',NULL,25000.00,NULL,'0000-00-00 00:00:00',NULL,'tr00093'),(94,94,2,'pending','21-10-2020 12:45:26',NULL,100000.00,NULL,'0000-00-00 00:00:00',NULL,'tr00094'),(95,95,1,'paie','21-10-2020 12:47:13',NULL,25000.00,NULL,'0000-00-00 00:00:00',NULL,'tr00095'),(96,96,1,'paie','21-10-2020 12:55:50',NULL,25000.00,NULL,'0000-00-00 00:00:00',NULL,'tr00096'),(97,97,1,'paie','21-10-2020 12:58:22',NULL,25000.00,NULL,'0000-00-00 00:00:00',NULL,'tr00097'),(98,98,2,'pending','21-10-2020 12:58:35',NULL,100000.00,NULL,'0000-00-00 00:00:00',NULL,'tr00098'),(99,99,1,'paie','21-10-2020 13:00:11',NULL,25000.00,NULL,'0000-00-00 00:00:00',NULL,'tr00099'),(100,100,1,'paie','21-10-2020 13:46:05',NULL,25000.00,NULL,'0000-00-00 00:00:00',NULL,'tr00100'),(101,101,1,'paie','21-10-2020 13:50:47',NULL,25000.00,NULL,'0000-00-00 00:00:00',NULL,'tr00101'),(102,102,1,'paie','21-10-2020 14:01:32',NULL,25000.00,NULL,'0000-00-00 00:00:00',NULL,'tr00102'),(103,103,1,'pending','21-10-2020 14:10:20',NULL,25000.00,NULL,'0000-00-00 00:00:00',NULL,'tr00103'),(104,104,1,'paie','21-10-2020 14:29:50',NULL,25000.00,NULL,'0000-00-00 00:00:00',NULL,'tr00104'),(105,105,1,'paie','21-10-2020 14:40:42',NULL,25000.00,NULL,'0000-00-00 00:00:00',NULL,'tr00105'),(106,106,1,'paie','21-10-2020 14:59:47',NULL,25000.00,NULL,'0000-00-00 00:00:00',NULL,'tr00106'),(107,107,1,'paie','21-10-2020 15:07:16',NULL,25000.00,NULL,'0000-00-00 00:00:00',NULL,'tr00107'),(108,108,1,'paie','21-10-2020 16:01:23',NULL,25000.00,NULL,'0000-00-00 00:00:00',NULL,'tr00108'),(109,109,1,'paie','21-10-2020 16:05:54',NULL,25000.00,NULL,'0000-00-00 00:00:00',NULL,'tr00109'),(110,110,3,'paie','21-10-2020 16:07:05',NULL,1000000.00,NULL,'0000-00-00 00:00:00',NULL,'tr00110'),(111,111,1,'pending','21-10-2020 16:10:46',NULL,25000.00,NULL,'0000-00-00 00:00:00',NULL,'tr00111'),(112,112,1,'paie','21-10-2020 16:37:55',NULL,25000.00,NULL,'0000-00-00 00:00:00',NULL,'tr00112'),(113,113,1,'paie','21-10-2020 16:48:06',NULL,25000.00,NULL,'0000-00-00 00:00:00',NULL,'tr00113'),(114,114,1,'paie','21-10-2020 16:51:31',NULL,25000.00,NULL,'0000-00-00 00:00:00',NULL,'tr00114'),(115,115,1,'paie','21-10-2020 16:53:16',NULL,25000.00,NULL,'0000-00-00 00:00:00',NULL,'tr00115'),(116,116,1,'paie','21-10-2020 17:02:50',NULL,25000.00,NULL,'0000-00-00 00:00:00',NULL,'tr00116'),(117,117,1,'paie','21-10-2020 17:35:04',NULL,25000.00,NULL,'0000-00-00 00:00:00',NULL,'tr00117'),(118,118,2,'paie','21-10-2020 17:57:42',NULL,100000.00,NULL,'0000-00-00 00:00:00',NULL,'tr00118'),(119,119,1,'paie','21-10-2020 18:18:04',NULL,25000.00,NULL,'0000-00-00 00:00:00',NULL,'tr00119'),(120,120,1,'paie','21-10-2020 18:19:33',NULL,25000.00,NULL,'0000-00-00 00:00:00',NULL,'tr00120'),(121,121,1,'paie','21-10-2020 18:47:01',NULL,25000.00,NULL,'0000-00-00 00:00:00',NULL,'tr00121'),(122,122,1,'pending','21-10-2020 19:03:41',NULL,25000.00,NULL,'0000-00-00 00:00:00',NULL,'tr00122'),(123,123,1,'paie','21-10-2020 19:12:02',NULL,25000.00,NULL,'0000-00-00 00:00:00',NULL,'tr00123'),(124,124,1,'paie','21-10-2020 19:14:43',NULL,25000.00,NULL,'0000-00-00 00:00:00',NULL,'tr00124'),(125,125,1,'paie','21-10-2020 19:17:25',NULL,25000.00,NULL,'0000-00-00 00:00:00',NULL,'tr00125'),(126,126,2,'paie','21-10-2020 19:26:17',NULL,100000.00,NULL,'0000-00-00 00:00:00',NULL,'tr00126'),(127,127,2,'paie','21-10-2020 19:28:41',NULL,100000.00,NULL,'0000-00-00 00:00:00',NULL,'tr00127'),(128,128,1,'paie','21-10-2020 19:31:01',NULL,25000.00,NULL,'0000-00-00 00:00:00',NULL,'tr00128'),(129,129,1,'paie','21-10-2020 19:34:32',NULL,25000.00,NULL,'0000-00-00 00:00:00',NULL,'tr00129'),(130,130,1,'paie','21-10-2020 19:34:44',NULL,25000.00,NULL,'0000-00-00 00:00:00',NULL,'tr00130'),(131,131,1,'paie','21-10-2020 19:43:49',NULL,25000.00,NULL,'0000-00-00 00:00:00',NULL,'tr00131'),(132,132,2,'paie','21-10-2020 19:58:49',NULL,100000.00,NULL,'0000-00-00 00:00:00',NULL,'tr00132'),(133,133,1,'paie','21-10-2020 20:30:32',NULL,25000.00,NULL,'0000-00-00 00:00:00',NULL,'tr00133'),(134,134,1,'paie','21-10-2020 20:40:04',NULL,25000.00,NULL,'0000-00-00 00:00:00',NULL,'tr00134'),(135,135,1,'pending','21-10-2020 20:40:42',NULL,25000.00,NULL,'0000-00-00 00:00:00',NULL,'tr00135'),(136,136,1,'paie','21-10-2020 20:42:32',NULL,25000.00,NULL,'0000-00-00 00:00:00',NULL,'tr00136'),(137,137,1,'pending','21-10-2020 21:05:38',NULL,25000.00,NULL,'0000-00-00 00:00:00',NULL,'tr00137'),(138,138,1,'pending','21-10-2020 21:18:22',NULL,25000.00,NULL,'0000-00-00 00:00:00',NULL,'tr00138'),(139,139,2,'paie','21-10-2020 21:35:57',NULL,100000.00,NULL,'0000-00-00 00:00:00',NULL,'tr00139'),(140,140,1,'paie','21-10-2020 21:48:45',NULL,25000.00,NULL,'0000-00-00 00:00:00',NULL,'tr00140'),(141,141,1,'paie','21-10-2020 21:54:10',NULL,25000.00,NULL,'0000-00-00 00:00:00',NULL,'tr00141'),(142,142,1,'paie','21-10-2020 22:21:56',NULL,25000.00,NULL,'0000-00-00 00:00:00',NULL,'tr00142'),(143,143,2,'paie','21-10-2020 22:22:44',NULL,100000.00,NULL,'0000-00-00 00:00:00',NULL,'tr00143'),(144,144,1,'paie','21-10-2020 22:30:07',NULL,25000.00,NULL,'0000-00-00 00:00:00',NULL,'tr00144'),(145,145,1,'pending','21-10-2020 22:37:37',NULL,25000.00,NULL,'0000-00-00 00:00:00',NULL,'tr00145'),(146,146,1,'paie','21-10-2020 23:16:47',NULL,25000.00,NULL,'0000-00-00 00:00:00',NULL,'tr00146'),(148,148,3,'pending','21-10-2020 23:25:30',NULL,1000000.00,NULL,'0000-00-00 00:00:00',NULL,'tr00148'),(149,149,1,'paie','21-10-2020 23:45:46',NULL,25000.00,NULL,'0000-00-00 00:00:00',NULL,'tr00149'),(150,150,1,'paie','21-10-2020 23:52:04',NULL,25000.00,NULL,'0000-00-00 00:00:00',NULL,'tr00150'),(151,151,2,'paie','21-10-2020 23:55:51',NULL,100000.00,NULL,'0000-00-00 00:00:00',NULL,'tr00151'),(152,152,2,'paie','22-10-2020 01:41:08',NULL,100000.00,NULL,'0000-00-00 00:00:00',NULL,'tr00152'),(153,153,1,'paie','22-10-2020 03:27:52',NULL,25000.00,NULL,'0000-00-00 00:00:00',NULL,'tr00153'),(154,154,1,'paie','22-10-2020 03:49:47',NULL,25000.00,NULL,'0000-00-00 00:00:00',NULL,'tr00154'),(155,155,1,'paie','22-10-2020 10:07:10',NULL,25000.00,NULL,'0000-00-00 00:00:00',NULL,'tr00155'),(156,156,2,'paie','22-10-2020 10:54:55',NULL,100000.00,NULL,'0000-00-00 00:00:00',NULL,'tr00156'),(157,157,1,'paie','22-10-2020 12:13:05',NULL,25000.00,NULL,'0000-00-00 00:00:00',NULL,'tr00157'),(158,158,1,'paie','22-10-2020 13:51:07',NULL,25000.00,NULL,'0000-00-00 00:00:00',NULL,'tr00158'),(159,159,1,'paie','22-10-2020 17:17:23',NULL,25000.00,NULL,'0000-00-00 00:00:00',NULL,'tr00159'),(160,160,1,'paie','22-10-2020 17:18:00',NULL,25000.00,NULL,'0000-00-00 00:00:00',NULL,'tr00160'),(161,161,1,'pending','22-10-2020 17:28:07',NULL,25000.00,NULL,'0000-00-00 00:00:00',NULL,'tr00161'),(162,162,1,'paie','22-10-2020 17:51:10',NULL,25000.00,NULL,'0000-00-00 00:00:00',NULL,'tr00162'),(163,163,1,'paie','22-10-2020 18:42:33',NULL,25000.00,NULL,'0000-00-00 00:00:00',NULL,'tr00163'),(164,164,1,'paie','22-10-2020 18:58:47',NULL,25000.00,NULL,'0000-00-00 00:00:00',NULL,'tr00164'),(165,165,1,'paie','22-10-2020 19:17:30',NULL,25000.00,NULL,'0000-00-00 00:00:00',NULL,'tr00165'),(166,166,1,'paie','22-10-2020 20:06:39',NULL,25000.00,NULL,'0000-00-00 00:00:00',NULL,'tr00166'),(167,167,1,'paie','22-10-2020 20:38:28',NULL,25000.00,NULL,'0000-00-00 00:00:00',NULL,'tr00167'),(169,169,1,'paie','22-10-2020 21:01:16',NULL,25000.00,NULL,'0000-00-00 00:00:00',NULL,'tr00169'),(170,170,1,'paie','22-10-2020 21:07:01',NULL,25000.00,NULL,'0000-00-00 00:00:00',NULL,'tr00170'),(172,172,1,'pending','22-10-2020 22:32:10',NULL,25000.00,NULL,'0000-00-00 00:00:00',NULL,'tr00172'),(173,173,1,'paie','22-10-2020 22:45:01',NULL,25000.00,NULL,'0000-00-00 00:00:00',NULL,'tr00173'),(174,174,1,'paie','22-10-2020 22:47:49',NULL,25000.00,NULL,'0000-00-00 00:00:00',NULL,'tr00174'),(175,175,1,'paie','22-10-2020 22:52:05',NULL,25000.00,NULL,'0000-00-00 00:00:00',NULL,'tr00175'),(176,176,3,'paie','23-10-2020 01:19:22',NULL,1000000.00,NULL,'0000-00-00 00:00:00',NULL,'tr00176'),(177,177,1,'paie','23-10-2020 01:34:16',NULL,25000.00,NULL,'0000-00-00 00:00:00',NULL,'tr00177'),(178,178,1,'paie','23-10-2020 02:13:28',NULL,25000.00,NULL,'0000-00-00 00:00:00',NULL,'tr00178'),(179,179,1,'paie','23-10-2020 02:45:26',NULL,25000.00,NULL,'0000-00-00 00:00:00',NULL,'tr00179'),(180,180,1,'paie','23-10-2020 02:52:08',NULL,25000.00,NULL,'0000-00-00 00:00:00',NULL,'tr00180'),(181,181,1,'paie','23-10-2020 03:41:50',NULL,25000.00,NULL,'0000-00-00 00:00:00',NULL,'tr00181'),(182,182,1,'paie','23-10-2020 04:26:46',NULL,25000.00,NULL,'0000-00-00 00:00:00',NULL,'tr00182'),(183,183,1,'paie','23-10-2020 07:37:21',NULL,25000.00,NULL,'0000-00-00 00:00:00',NULL,'tr00183'),(192,192,1,'paie','23-10-2020 14:04:17',NULL,25000.00,NULL,'0000-00-00 00:00:00',NULL,'tr00192'),(193,193,2,'paie','23-10-2020 14:43:01',NULL,100000.00,NULL,'0000-00-00 00:00:00',NULL,'tr00193'),(194,194,1,'paie','23-10-2020 16:00:04',NULL,25000.00,NULL,'0000-00-00 00:00:00',NULL,'tr00194'),(195,195,2,'paie','23-10-2020 17:35:14',NULL,100000.00,NULL,'0000-00-00 00:00:00',NULL,'tr00195'),(196,196,2,'paie','23-10-2020 20:08:49',NULL,100000.00,NULL,'0000-00-00 00:00:00',NULL,'tr00196'),(197,197,1,'paie','23-10-2020 21:27:32',NULL,25000.00,NULL,'0000-00-00 00:00:00',NULL,'tr00197'),(198,198,2,'pending','24-10-2020 02:06:07',NULL,100000.00,NULL,'0000-00-00 00:00:00',NULL,'tr00198'),(199,199,2,'paie','24-10-2020 02:15:18',NULL,100000.00,NULL,'0000-00-00 00:00:00',NULL,'tr00199'),(200,200,1,'paie','24-10-2020 02:43:10',NULL,25000.00,NULL,'0000-00-00 00:00:00',NULL,'tr00200'),(201,201,1,'paie','24-10-2020 14:34:12',NULL,25000.00,NULL,'0000-00-00 00:00:00',NULL,'tr00201'),(202,202,1,'paie','25-10-2020 12:27:37',NULL,25000.00,NULL,'0000-00-00 00:00:00',NULL,'tr00202'),(203,203,1,'paie','25-10-2020 16:48:33',NULL,25000.00,NULL,'0000-00-00 00:00:00',NULL,'tr00203'),(204,204,1,'paie','25-10-2020 19:00:29',NULL,25000.00,NULL,'0000-00-00 00:00:00',NULL,'tr00204'),(205,205,1,'paie','25-10-2020 21:59:09',NULL,25000.00,NULL,'0000-00-00 00:00:00',NULL,'tr00205'),(206,207,1,'paie','26-10-2020 03:32:00',NULL,25000.00,NULL,'0000-00-00 00:00:00',NULL,'tr00206'),(207,208,1,'paie','26-10-2020 09:03:03',NULL,25000.00,NULL,'0000-00-00 00:00:00',NULL,'tr00207'),(208,209,1,'paie','26-10-2020 19:19:27',NULL,25000.00,NULL,'0000-00-00 00:00:00',NULL,'tr00208'),(209,210,1,'paie','26-10-2020 19:24:10',NULL,25000.00,NULL,'0000-00-00 00:00:00',NULL,'tr00209'),(210,211,1,'pending','26-10-2020 20:14:43',NULL,25000.00,NULL,'0000-00-00 00:00:00',NULL,'tr00210'),(211,212,1,'paie','26-10-2020 20:21:17',NULL,25000.00,NULL,'0000-00-00 00:00:00',NULL,'tr00211'),(212,213,1,'paie','26-10-2020 20:22:58',NULL,25000.00,NULL,'0000-00-00 00:00:00',NULL,'tr00212'),(213,214,1,'paie','26-10-2020 20:33:45',NULL,25000.00,NULL,'0000-00-00 00:00:00',NULL,'tr00213'),(214,215,1,'paie','26-10-2020 20:45:39',NULL,25000.00,NULL,'0000-00-00 00:00:00',NULL,'tr00214'),(215,216,1,'paie','27-10-2020 01:42:32',NULL,25000.00,NULL,'0000-00-00 00:00:00',NULL,'tr00215'),(216,217,1,'paie','27-10-2020 02:27:26',NULL,25000.00,NULL,'0000-00-00 00:00:00',NULL,'tr00216'),(217,218,1,'paie','27-10-2020 14:57:29',NULL,25000.00,NULL,'0000-00-00 00:00:00',NULL,'tr00217'),(218,219,1,'paie','27-10-2020 19:26:00',NULL,25000.00,NULL,'0000-00-00 00:00:00',NULL,'tr00218'),(219,220,1,'paie','27-10-2020 19:37:04',NULL,25000.00,NULL,'0000-00-00 00:00:00',NULL,'tr00219'),(220,221,1,'paie','27-10-2020 19:50:28',NULL,25000.00,NULL,'0000-00-00 00:00:00',NULL,'tr00220'),(221,222,1,'paie','27-10-2020 20:13:04',NULL,25000.00,NULL,'0000-00-00 00:00:00',NULL,'tr00221'),(222,223,1,'paie','27-10-2020 20:22:12',NULL,25000.00,NULL,'0000-00-00 00:00:00',NULL,'tr00222'),(223,224,1,'paie','27-10-2020 22:09:30',NULL,25000.00,NULL,'0000-00-00 00:00:00',NULL,'tr00223'),(224,225,1,'pending','28-10-2020 04:34:56',NULL,25000.00,NULL,'0000-00-00 00:00:00',NULL,'tr00224'),(225,226,1,'paie','28-10-2020 10:45:04',NULL,25000.00,NULL,'0000-00-00 00:00:00',NULL,'tr00225'),(226,227,1,'paie','28-10-2020 14:59:38',NULL,25000.00,NULL,'0000-00-00 00:00:00',NULL,'tr00226'),(227,228,1,'paie','28-10-2020 21:20:38',NULL,25000.00,NULL,'0000-00-00 00:00:00',NULL,'tr00227'),(228,229,1,'paie','28-10-2020 22:22:35',NULL,25000.00,NULL,'0000-00-00 00:00:00',NULL,'tr00228'),(229,230,2,'paie','05-11-2020 14:10:33',NULL,100000.00,NULL,'0000-00-00 00:00:00',NULL,'tr00229'),(230,231,2,'paie','05-11-2020 23:32:19',NULL,100000.00,NULL,'0000-00-00 00:00:00',NULL,'tr00230'),(231,232,1,'paie','06-11-2020 00:16:21',NULL,25000.00,NULL,'0000-00-00 00:00:00',NULL,'tr00231');

#
# Structure for table "tbl_users"
#

DROP TABLE IF EXISTS `tbl_users`;
CREATE TABLE `tbl_users` (
  `id` int(11) NOT NULL AUTO_INCREMENT,
  `code` varchar(255) DEFAULT NULL,
  `firstname` varchar(255) DEFAULT NULL,
  `lastname` varchar(255) DEFAULT NULL,
  `country_id` int(11) DEFAULT NULL,
  `profession` varchar(255) NOT NULL,
  `whatsapp_phone` varchar(255) DEFAULT NULL,
  `default_language` varchar(255) DEFAULT NULL,
  `cluster` varchar(255) DEFAULT NULL,
  `sponsor` varchar(255) DEFAULT NULL,
  `created_at` datetime DEFAULT NULL,
  `updated_at` datetime DEFAULT NULL,
  `email` varchar(255) DEFAULT NULL,
  `password` text CHARACTER SET swe7 DEFAULT NULL,
  `role_id` int(11) DEFAULT NULL,
  `djp` int(1) DEFAULT 0,
  `sexe` varchar(255) DEFAULT NULL,
  `plage_horaire` varchar(255) DEFAULT NULL,
  `exigences` varchar(255) DEFAULT NULL,
  `cle` varchar(255) DEFAULT NULL,
  PRIMARY KEY (`id`,`profession`) USING BTREE
) ENGINE=InnoDB AUTO_INCREMENT=233 DEFAULT CHARSET=utf8mb4 ROW_FORMAT=DYNAMIC;

#
# Data for table "tbl_users"
#

INSERT INTO `tbl_users` VALUES (1,'CM000012','LEKANE','ARNAUD DIDIER',37,'','+233545551599',NULL,'1','0000','2020-10-17 00:00:00','2020-10-17 00:00:00','adlekane@yahoo.fr','$2y$10$V6KY.P6DC4ic3XYpfZuZZenmKmvBiu6YI9ILhmMivlcNHJZBKnoe6',2,1,'Masculin','5h - 7h','- Traducteur chinois\r\n- Pas plus de 200 personnes dans ma salles.. et rien que les milliardaires avec moi. Je veux une attention particuliere quel ken soit le prix...','00001'),(2,'CM0000247','EPEE MBIA','Simon Ebenezer ',37,'','+23769992268',NULL,'1','00001','2020-10-17 00:00:00','2020-10-17 00:00:00','emsi.epee@gmail.com','$2y$10$1xG3IkD1C2JYB5NR5R5.iu/mwd1E3mBU3aD2zn7qmPNYmFbnKPUOm',2,1,'Masculin',NULL,NULL,'00002'),(3,'IE0000345','Guy Bertrand','Nimpa',103,'','+353863572112',NULL,'1','00001','2020-10-17 00:00:00','2020-10-17 00:00:00','guybenim@gmail.com','$2y$10$hoBn84D12OlSPPcHNeMwgOTWA3lGJdYYPmaLOBBRZi5eePhrKLdte',3,1,'Masculin','5h - 7h','Je veux la traduction en  langue Yemba.\r\nMerci','00003'),(4,'CM0000444','TCHIEKOU','NAGRIPHANE CLAIRE',37,'','691151331',NULL,'1','00001','2020-10-17 00:00:00','2020-10-17 00:00:00','nagriphanec@gmail.com','$2y$10$4eLZnbpJntROBBeZumDO0OnpIdiXRoMnVePQXRXguJapZGqcPf5Wm',1,1,'Feminin',NULL,NULL,'00004'),(5,'CM0000527','Nouboussi Jiometio Epse Mvondo','Nouboussi Jiometio Epse Mvondo',37,'','+237676932691',NULL,'1','00001','2020-10-17 00:00:00','2020-10-17 00:00:00','jiometkel@gmail.com','$2y$10$.pO8IbxJfnlApr.trx724uGKJC6mcaL4cLxtdv9tlU6CBJBsZk6ZG',2,1,'Feminin',NULL,NULL,'00005'),(6,'CM0000681','NANGUE','Gwladys',37,'','670066769',NULL,'1','00001','2020-10-17 00:00:00','2020-10-17 00:00:00','nanguegwladys@yahoo.com','$2y$10$H9pHwNz.TnoY8BHiG0x59uLcnyvssKtdDNxobzeT4VnUbDae625re',2,1,'Feminin',NULL,NULL,'00006'),(7,'CM0000764','SONHAFOUO CHIANA ','NADEGE',37,'','672083505',NULL,'1','00001','2020-10-17 00:00:00','2020-10-17 00:00:00','nadou_chiana33@yahoo.fr','$2y$10$151wVhQ0ePlWmi.TA3XRfuRqVc0gJasXlg5z5x/1mQqXcuA/w.T0y',1,1,'Feminin',NULL,NULL,'00007'),(8,'CM0000855','Tchuente Choupe','Stephanie',37,'','699799205',NULL,'1','00005','2020-10-17 00:00:00','2020-10-17 00:00:00','stephatchuente@yahoo.fr','$2y$10$RHxzfkLPALnWJnXIKqFW/.L2jXhMjWn38suPJnrZFSUH3z.sd8pSO',1,1,'Feminin',NULL,NULL,'00008'),(9,'TN0000993','Ngoufo Tadzong','Gaëlle Stael',217,'','53790444',NULL,'1','00006','2020-10-17 00:00:00','2020-10-17 00:00:00','gaellotadzong@yahoo.fr','$2y$10$HQmQUHuaaXQLH/p7KGveneVrFHt.lm0SaOMYu9G9vws6H7mTAOuKi',1,1,'Feminin',NULL,NULL,'00009'),(10,'CM0001088','Wansuh','Stephany',37,'','677420575',NULL,'1','00001','2020-10-17 00:00:00','2020-10-17 00:00:00','wvstephy@gmail.com','$2y$10$9KH2NgoShcy6/SbFQFN3B./JvupRMDnQs9qhUvJrF06d1QlElis4S',1,0,'Feminin',NULL,NULL,'00010'),(11,'CM0001115','TEMBI KUWONG','PATRICIA ANJE',37,'','654058490',NULL,'1','00001','2020-10-17 00:00:00','2020-10-17 00:00:00','pattiekuwong@yahoo.fr','$2y$10$eEPUDkJzd8XPoZawh/g2he6g4dG4rmXCX6E/di2CXDMyWBxaYTPM2',1,1,'Feminin','5h - 7h','-j\'attends l\'argent de la retraite\r\n-devenir un coach multi-certifiée\r\n-me dupliqué au sein de la John C. Max Well Institute\r\n-','00011'),(12,'IE0001240','Lolah','Annabel Limah',103,'','+353874508052',NULL,'3','00006','2020-10-17 00:00:00','2020-10-17 00:00:00','d.annabel4@gmail.com','$2y$10$MYJp5dbhZ89lBXnvzBH8yO/B05TIsX3pG.FR2b1shB7TsT/qF1WMy',3,1,'Feminin',NULL,NULL,'00012'),(13,'CM0001340','Wansuh','Stephany',37,'','677420575',NULL,'8','00001','2020-10-17 00:00:00','2020-10-17 00:00:00','wvstephy@gmail.com','$2y$10$yfRuYb6IQ8dGeuBu.GV6teEb0RzHCmauCjkhbV/Xj8mB80AVbvEXq',1,0,'Feminin',NULL,NULL,'00013'),(14,'CM0001458','Wansuh','Stephany',37,'','677420575',NULL,'8','00001','2020-10-17 00:00:00','2020-10-17 00:00:00','wcstephy@gmail.com','$2y$10$nGmEchj4T19H9Bvb00QTNeVF1vUKla2fkIXZLFFoUflagZQSbBVWO',1,1,'Feminin',NULL,NULL,'00014'),(16,'CM0001686','FOHTUNG','SAMA NYAGALA',37,'','674967236',NULL,'1','00001','2020-10-17 00:00:00','2020-10-17 00:00:00','sama4tung@gmail.com','$2y$10$pBvjRF647kcTg3wpI/leZe4UiGri2zwO3uSxhq1.lQpFTd.F27U02',1,1,'Masculin',NULL,NULL,'00016'),(17,'CM0001797','NGA','ROLAND MACAIRE',37,'','691013989',NULL,'1','00011','2020-10-17 00:00:00','2020-10-17 00:00:00','rolandmacairenga@yahoo.fr','$2y$10$uB49s9EyuI9AFFNFHcqHtuUCwnyCG1HhhPOH.JxKVxt2e4iIEeycG',1,1,'Masculin',NULL,NULL,'00017'),(18,'CM0001876','NGOUMTSOP ','CESAIR MERIME',37,'','699478687',NULL,'1','00011','2020-10-17 00:00:00','2020-10-17 00:00:00','celcomdetat@gmail.com','$2y$10$G7b7Lbum9eN/wJl7EoZkJOSU5fRaa1SKOGiBvZScdcjVbDGsK73Be',1,1,'Masculin',NULL,NULL,'00018'),(19,'CM0001927','KILA BAME EPSE MUKORO','COMFORT',37,'','678463490',NULL,'1','00011','2020-10-17 00:00:00','2020-10-17 00:00:00','comfortdame@yahoo.com','$2y$10$wh.ZTaYIhAxgIZQlbxQneel8jr4X4fdNdsTVoKuCOrei5Qxw7xaG2',1,1,'Masculin',NULL,NULL,'00019'),(20,'CM0002042','KUATE FOKAM','SERGE DURHANT',37,'','697038687',NULL,'1','00011','2020-10-17 00:00:00','2020-10-17 00:00:00','sergedurhant2010@yahoo.fr','$2y$10$IqTn23f0wDlWdTMp7qRZ4.1uaFRm5vMaZuAZq6SxYuSBqItWlUVUm',1,1,'Masculin',NULL,NULL,'00020'),(21,'CM0002122','TCHIANDJE','JEANNE AGNES',37,'','677611227',NULL,'1','00001','2020-10-17 00:00:00','2020-10-17 00:00:00','jatchiandje@yahoo.fr','$2y$10$kbrO3HL3D4PEqZcOl4D3h.W2GyaWmpo6S1YhU9.KVMswH/44vSjp6',1,1,'Feminin',NULL,NULL,'00021'),(22,'CM0002293','NDZALA NDZALA','Herve Landry Christian',37,'','+237699554316',NULL,'1','00005','2020-10-17 00:00:00','2020-10-17 00:00:00','landryndzala@gmail.com','$2y$10$TGEz0sfrZostS4dh3u39XuwPYTEHCkiJR7h3DCYa8X4Bn0BTiJZne',1,1,'Masculin',NULL,NULL,'00022'),(23,'SN0002338','KAKI MBONGO','Jim Romano PAtrick',188,'','+221773013146',NULL,'3','00006','2020-10-17 00:00:00','2020-10-17 00:00:00','pati.romy@gmail.com','$2y$10$72CVLr7FpgCXnTOPFE2H2eznnoqU/zmDsyySBbusydIY1VMW3YBzm',3,1,'Masculin',NULL,NULL,'00023'),(24,'CD0002417','MANI NNANGA','MARCEL NICOLE',50,'','00243973704258',NULL,'7','00002','2020-10-17 00:00:00','2020-10-17 00:00:00','visionmarketforce@gmail.com','$2y$10$/jfZy57nkhwTMfNoX3Byfe68AG78VACW.fkIoWtpHnakQABUmdhxa',1,1,'Masculin',NULL,NULL,'00024'),(25,'SN0002531','AMOUZOUN','Charles',188,'','+221774563557',NULL,'3','00023','2020-10-17 00:00:00','2020-10-17 00:00:00','towadejackie@gmail.com','$2y$10$6FRBWhqG/pgIb4v/QGKSmOZiymu59Xk7AlmrhourZtlZzSaayqlEC',1,1,'Masculin',NULL,NULL,'00025'),(26,'BJ0002699','TCHIBOZO','Rosaire',23,'','+221771637872',NULL,'3','00023','2020-10-17 00:00:00','2020-10-17 00:00:00','rositoberdice@gmail.com','$2y$10$vNOv2EBeCwLhzjTK48n5juyigcz09lpwIZrm1itr/xSkxYFcPKQxm',1,0,'Masculin',NULL,NULL,'00026'),(27,'TN0002761','FEUKU','RAPHAEL',217,'','+21656053230',NULL,'1','00009','2020-10-17 00:00:00','2020-10-17 00:00:00','raphael.feuku@yahoo.fr','$2y$10$M5XnsDRX/XdxXr7ugy7nCO7bxcJWgDJMYsQyIsVJx0rtcHhX0pVa2',3,1,'Masculin',NULL,NULL,'00027'),(29,'NG0002931','TUNDE','OGUNDE',156,'','2348055184819',NULL,'6','00001','2020-10-18 00:00:00','2020-10-18 00:00:00','tundeogunde@gmail.com','$2y$10$e.E3S4v2x4YMWY6qiZXASOsOhajmAKt/n3dNuC7bTXUP.C0Ni1Axe',3,1,'Masculin',NULL,NULL,'00029'),(30,'CD0003033','NDALA','Papy',50,'','+243816156426',NULL,'9','00009','2020-10-18 00:00:00','2020-10-18 00:00:00','pndala2018@gmail.com','$2y$10$3Md90hAeZ5aNW0ixO6AfdurYpZu3yHjw89Fa/8TovdloE7B2sN8dC',3,1,'Masculin',NULL,NULL,'00030'),(31,'CD0003180','NDALA','Papy',50,'','+243816156426',NULL,'9','00009','2020-10-18 00:00:00','2020-10-18 00:00:00','pndala2018@gmail.com','$2y$10$7TkdlJ1fnPYBg2zOt1ZthuoiTeb84z86PoyrJQoa6qtfDlLKF83z.',3,0,'Masculin',NULL,NULL,'00031'),(34,'ZA0003446','Kamdomg','Flore',197,'','0834769939',NULL,'1','00003','2020-10-18 00:00:00','2020-10-18 00:00:00','felise1972@gmail.com','$2y$10$6bCj9FsEYXIkibiGTo1VyuquQYBmE1oZ12dUtskPgvCyylRsw2.7O',1,0,'Feminin',NULL,NULL,'00034'),(35,'ZA0003585','Kamdomg','Flore',197,'','0834769939',NULL,'1','00003','2020-10-18 00:00:00','2020-10-18 00:00:00','felise1972@gmail.com','$2y$10$cK9Aa0sRgskMztfTB6m6yeUzk7Nw7CrQjssLQQjq9DFlYVOZVk5Tu',1,0,'Feminin',NULL,NULL,'00035'),(36,'ZA0003644','Kamdomg','flore',197,'','0834769939',NULL,'1','00003','2020-10-18 00:00:00','2020-10-18 00:00:00','felise1972@gmail.com','$2y$10$f5gjk4xvOjliB/9ZeKQKy.H31CpduU6IBHLKcYYQ07oBSEcJ5ZeQS',1,0,'Feminin',NULL,NULL,'00036'),(37,'ZA0003724','Kamdomg','flore',197,'','0834769939',NULL,'1','00003','2020-10-18 00:00:00','2020-10-18 00:00:00','felise1972@gmail.com','$2y$10$8h7xj41c7AipoT95exraeOExTd01KI1UKsGWfuPuZexCfHouCHdCS',1,1,'Feminin',NULL,NULL,'00037'),(39,'US0003963','TASAMA','CATHYLAURE MANYI ',226,'','+1 (505) 910-0083',NULL,'1','00016','2020-10-18 00:00:00','2020-10-18 00:00:00','lauremanyi@gmail.com','$2y$10$ZiJEpB16EcadjIbiMl3FC.2wVRBr0hf7c1JlgmvNYhHsKD452IT/a',1,1,'Feminin',NULL,NULL,'00039'),(40,'BJ0004020','Rosaire Berdice Mahugnon','TCHIBOZO',23,'','+221771637872',NULL,'3','00023','2020-10-18 00:00:00','2020-10-18 00:00:00','rositoberdice@gmail.com','$2y$10$nhXLL5dzMgfNB2xUn0pQe.6yOXqMym5jmbtp8A48VVKmRWWgKUFGK',3,1,'Masculin',NULL,NULL,'00040'),(41,'US0004187','AMUNDAM','AICHA',226,'','+1(716)3825667',NULL,'1','00011','2020-10-18 00:00:00','2020-10-18 00:00:00','aicha.kuwong16@gmail.com','$2y$10$b6.lpHCbIwMePul6DfbdNOlnplEBSMN3DFKsrgGIIrba/2LozrELS',1,1,'Feminin',NULL,NULL,'00041'),(42,'CM0004247','SONHAFOUO CHIANA','NADEGE',37,'','672083505',NULL,'1','00001','2020-10-18 00:00:00','2020-10-18 00:00:00','nadou_chiana33@yahoo.fr','$2y$10$feC13nZX0QtrMR1SenHXfO7xNqvIhvflYoLPjQBg2b6zeB4L.rn0S',1,0,'Feminin',NULL,NULL,'00042'),(43,'CI0004362','TCHAKOUTE','Bertrand',53,'','58997454',NULL,'1','00002','2020-10-18 00:00:00','2020-10-18 00:00:00','stchakoute@yahoo.fr','$2y$10$cc1mwf80Aw6lGYF45rh7/.LKHv7V58aQdxZ8IPBJHUIRHOzQ15LKy',1,1,'Masculin',NULL,NULL,'00043'),(44,'CM0004412','Roger Emmanuel','AYONGWA',37,'','+237655000885',NULL,'1','00016','2020-10-18 00:00:00','2020-10-18 00:00:00','ayongwar1@gmail.com','$2y$10$jr.AABa4No8pTKX2e0ht7..tbX0TvXFmnmMh287lvNHNm3o.Jnqjq',1,1,'Masculin',NULL,NULL,'00044'),(45,'FR0004548','NADEGE',' KAMBOU',73,'','+33638228880',NULL,'1','00005','2020-10-19 00:00:00','2020-10-19 00:00:00','nadegekambou@gmail.com','$2y$10$YMikUU2xPU05Q5K6YaKgfuOhW0U4VcH7UMAXdIzAWGyOYmC3Jgo/.',1,1,'Feminin',NULL,NULL,'00045'),(46,'US0004686','LESIGA DEREK ','NYONKA',226,'','+1 (301) 273-4071',NULL,'1','00016','2020-10-19 00:00:00','2020-10-19 00:00:00','lesiganyonka@gmail.com','$2y$10$vuSKwpUIRJC.IXvhfkA4BeX4s/EH/UFXjnr78OazbKWH/zEY3wkE.',1,1,'Masculin',NULL,NULL,'00046'),(48,'GA0004866','Ilengo Etongo ','Christian ',77,'','002412231976',NULL,'9','00030','2020-10-19 00:00:00','2020-10-19 00:00:00','belightlogiciels.gabon@gmail.com','$2y$10$VRIsKEOTACYbmcevkif7D.lt7amYAemoMwEiQm2BfkpELRT7gTqCW',1,1,'Masculin',NULL,NULL,'00048'),(49,'CH0004981',' NZONZI MANONGA','RACHEL ',206,'','0779203552',NULL,'9','00030','2020-10-19 00:00:00','2020-10-19 00:00:00','nzonzirachel@gmail.com','$2y$10$COytihh7FBzxx2Qzuj5dEueqoCSMmSB8p.sr7vlcXjVzuiwKwVHlW',1,0,'Feminin',NULL,NULL,'00049'),(50,'CH0005061','NZONZI MANONGA','RACHEL NZONZI',206,'','0779203552',NULL,'9','00030','2020-10-19 00:00:00','2020-10-19 00:00:00','nzonzirachel@gmail.com','$2y$10$uiN8LwNMO7UyRHorKAHlNecSBkrhp.VSGEwXKXDh57rJz5E2nl6yC',1,1,'Masculin',NULL,NULL,'00050'),(51,'SN0005118','BINDI-SITA','Patricia Arlette',188,'','+221776331427',NULL,'3','00023','2020-10-19 00:00:00','2020-10-19 00:00:00','bpatriciaarlette@gmail.com','$2y$10$AlL2EyLtbNKsluEdEUxwA.QKGktI/hCcTL5qwXHvHdV2mXBIF3q9.',1,1,'Masculin',NULL,NULL,'00051'),(52,'TG0005243',' ETONGO ILENGO','Christian ',213,'','+22898945503',NULL,'9','00048','2020-10-19 00:00:00','2020-10-19 00:00:00','etongoilengo.christian@gmail.com','$2y$10$EYub5DU.TRTkV3GAHU11ge1ca0EtnkNdu7UuWydspMpPr1J3AAW7u',1,1,'Masculin',NULL,NULL,'00052'),(53,'CD0005368','Ndaya Domingos','Rebecca',50,'','+243813663557',NULL,'9','00030','2020-10-19 00:00:00','2020-10-19 00:00:00','gpmknbgl@gmail.com','$2y$10$41n5ffF9Cl/oJdgUAEnD3.koP9fJeFE2EH8ycZYHOcVrSYX4FDYkW',1,1,'Feminin',NULL,NULL,'00053'),(54,'CD0005437','Mukuna Kabasele','Gedeon',50,'','+243997336493',NULL,'9','00053','2020-10-19 00:00:00','2020-10-19 00:00:00','gpmknbgl@gmail.com','$2y$10$vU3a.4hZmiQM00TTTAGnD.hXr6FzHgnjnollisCb7iiBje5BnVijW',3,1,'Masculin',NULL,NULL,'00054'),(55,'NG0005528','Julia Uduak duak ','Joseph ',156,'','+2348138832121 ',NULL,'6','00029','2020-10-19 00:00:00','2020-10-19 00:00:00','julyvon.counsel@gmail.com','$2y$10$/polblXO0JACvMOEqMKG8ua63re4RFijZjo8DIRMpSEgIc4YP7emi',1,0,'Feminin','5h - 7h','I will keep the posted as the need arises, thank you. ','00055'),(56,'CM0005682','NGUEGUIA','CLARICE FLORE',37,'','+24102316523',NULL,'1','00001','2020-10-19 00:00:00','2020-10-19 00:00:00','ngueguiaflore@gmail.com','$2y$10$iihBvHYuRIxffjwrtsA9iuIj0XofLW0qWOekqJdvM5PXfPuSCb7pe',1,1,'Masculin',NULL,NULL,'00056'),(57,'CD0005759','Oyonde','Mimiche',50,'','+243823300132',NULL,'9','00054','2020-10-19 00:00:00','2020-10-19 00:00:00','micheoyonde@gmail.com','$2y$10$fbQaysaUAmEafX8FVSErI.HELEApFmMdQ930tWOS8zaTgBWFaAhBG',1,1,'Feminin',NULL,NULL,'00057'),(58,'CA0005899','Flavien','Ndongo Kasse',38,'','+14502092308',NULL,'1','00003','2020-10-20 00:00:00','2020-10-20 00:00:00','flavien209@gmail.com','$2y$10$8.I2/gqjjWYjoYB0GocNqel0gVSlFkc9nuIvWET19kylQuxD4B2qq',3,1,'Masculin',NULL,NULL,'00058'),(59,'CA0005963','Sylviane','Dontio Sonkeng',38,'','4182717415',NULL,'1','00003','2020-10-20 00:00:00','2020-10-20 00:00:00','sylvianesonkeng@gmail.com','$2y$10$3/4tYnCkiPAA5TFF6po.wOfBtwczy4NiktXolrc0FkZN/4uhqwMTq',1,1,'Feminin',NULL,NULL,'00059'),(60,'AF0006059','Ambe','Ayongwa',1,'','+234 8100060741',NULL,'1','00044','2020-10-20 00:00:00','2020-10-20 00:00:00','sayongwa@gmail.com','$2y$10$DWCFt9b1EuBWer5F15ENuOhS2II4cqKZihGGBYrJ4zvxISiR4XbDq',1,1,'Masculin',NULL,NULL,'00060'),(61,'CM0006163','Enowbi nadege','Agbornjah',37,'','699259380',NULL,'1','00044','2020-10-20 00:00:00','2020-10-20 00:00:00','enowbinadege@yahoo.com','$2y$10$a0Sy69TmpUOvt8Lri4apdegLCveRkLSG51QYNaPEmGqP6dk83ccb2',1,1,'Feminin',NULL,NULL,'00061'),(62,'RW0006278','Akonwi','Asana',178,'','+2376742992020',NULL,'1','00044','2020-10-20 00:00:00','2020-10-20 00:00:00','akonwia@gmail.com','$2y$10$mFPBn3kh5VDv8spxgoIR/OO3/MBn9RGKLhRhb4cEihaduTSS1HsSG',1,1,'Masculin',NULL,NULL,'00062'),(63,'CH0006363','NZONZI MANONGA','',206,'','0779203552',NULL,'9','00030','2020-10-20 00:00:00','2020-10-20 00:00:00','nzonzirachel@gmail.co','$2y$10$PYM3y1L5RTzd94.9.1SaLeU3hM3mZPE.l.zlHxszvNOFvjal83X.S',1,0,'Feminin',NULL,NULL,'00063'),(64,'IE0006464','Viviane ','Kamegni ',103,'','00353857444370',NULL,'1','00003','2020-10-20 00:00:00','2020-10-20 00:00:00','vneyou@gmail.com','$2y$10$..gEuiIAH.V9dCN9jf4KCeFa7flvYxLP/MbXdN0Q8KXJc.8oHF1RK',1,1,'Feminin',NULL,NULL,'00064'),(65,'IE0006526','Viviane ','Kamegni ',103,'','00353857444370',NULL,'1','00003','2020-10-20 00:00:00','2020-10-20 00:00:00','vneyou@gmail.com','$2y$10$.Qhw3Viy4HUnYnxADK8wB.maj3KoAdsJQQmZFg55u2KDEybY0x6Ui',1,1,'Feminin','5h - 7h','Être en mesure de sortir de cette retraite capable de coacher les gens dans leur domaine d’ activités \r\nÊtre en mesure d’ avoir un suivi de coaching ou accompagnement dans mes projets \r\nPouvoir avoir l’ accès à poser des questions au coach Raphaël dans un','00065'),(66,'CD0006656','Kalombo','Gedeon',50,'','+243819450495',NULL,'9','00030','2020-10-20 00:00:00','2020-10-20 00:00:00','gedeonkalombo13@gmail.com','$2y$10$UgVgNLY1x8.lI4Tlyrc5NOn/MSQGIbwciyoki7jFPgm483oBKIqNm',1,1,'Masculin',NULL,NULL,'00066'),(67,'CD0006766','Claude','MAYIMONA',50,'','+243815255356',NULL,'9','00030','2020-10-20 00:00:00','2020-10-20 00:00:00','tcvsarl@gmail.com','$2y$10$2O5tXVcroAfheFXSaqP3t.JCdMu.jAh7Kej7xhZcSe..tuRGhOHAC',1,1,'Masculin',NULL,NULL,'00067'),(68,'ZA0006821','Yireussi Venceslas Poursoi ','SINGUIMINA',197,'','+27635149217',NULL,'9','00030','2020-10-20 00:00:00','2020-10-20 00:00:00','poursoising@gmail.com','$2y$10$oJ18jVSm5e/fsY2qPRY4vubHd0lxdXhWBLu.Zj.WkXEd0evgOhkEC',1,1,'Masculin',NULL,NULL,'00068'),(69,'CD0006912','Iskus','ANAKAMBI ODIA',50,'','+243821053846',NULL,'9','00030','2020-10-20 00:00:00','2020-10-20 00:00:00','nzonzirachel@gmail.com','$2y$10$b9nhyKQjqGO2pGrdbi/8UOZniTjVC5dfWetZXQzBc.gazVifcP4nm',1,1,'Masculin',NULL,NULL,'00069'),(70,'CM0007072','Ngum','Mary',37,'','237675390264',NULL,'1','00044','2020-10-20 00:00:00','2020-10-20 00:00:00','ngumisen@yahoo.com','$2y$10$1/F1idmIdFvolg1PbbyMfOCfVQ2KLaUuLe9lKd/PFCgcSIGyM2VT2',1,1,'Feminin',NULL,NULL,'00070'),(71,'CM0007161','Nouboussi','Armel',37,'','+237676932691',NULL,'2','00005','2020-10-20 00:00:00','2020-10-20 00:00:00','jiometkel@diageo.com','$2y$10$I7BYFUHgMT0smeQBdqP5ZektWLavMkO4EhA7yRuV1ZMxbpEXCnVUW',1,1,'Masculin',NULL,NULL,'00071'),(72,'CD0007278','Flavie','LUZIZILA DIAKIESE',50,'','+243815024366',NULL,'9','00030','2020-10-20 00:00:00','2020-10-20 00:00:00','pndala2017@gmail.com','$2y$10$iH.UxfQ432Y1Qm/.Gsmjd.3pTyA1vQ02fRxBQ4e5KsNH49KBcIk9.',1,1,'Feminin',NULL,NULL,'00072'),(73,'GA0007330','LONGANG','Prince Aristide',77,'','077551962',NULL,'9','00030','2020-10-20 00:00:00','2020-10-20 00:00:00','princearys@yahoo.fr','$2y$10$tJgn0iVdAqELrDICB8V3aOoxmPN1dtxrFqbnGETdiTxXP26G8gegy',1,1,'Masculin',NULL,NULL,'00073'),(74,'AF0007462','signe','michel',1,'','675176572',NULL,'2','00001','2020-10-20 00:00:00','2020-10-20 00:00:00','lewismikesigne@gmail.com','$2y$10$B.0a7kpKnXMxSZGfvJong.DeMoqD9Gm0YRBV30Q9aJ6.HCD8IJQVa',1,1,'Masculin',NULL,NULL,'00074'),(75,'BE0007549','Ngo yem ','Winny',21,'','0470458710',NULL,'5','00074','2020-10-20 00:00:00','2020-10-20 00:00:00','audreyngoyem@gmail.com','$2y$10$.vrtDuqqT7r6QjxlSaoKI.CqFeyUjFKKIwidKCS5SLcDd/P5oC7g.',1,1,'Feminin',NULL,NULL,'00075'),(76,'US0007685','Kapinga Kabamba','Naomie',226,'','+15154997565',NULL,'9','00030','2020-10-20 00:00:00','2020-10-20 00:00:00','naomikabamba@gmail.com','$2y$10$lE6wzCqXJip7u6u6//sb1.P6jtX7qRWTA0edFUm/HbGbhLj8Hub.2',1,0,'Feminin',NULL,NULL,'00076'),(77,'US0007741','Kapinga Kabamba','Naomie',226,'','+15154997565',NULL,'9','00030','2020-10-20 00:00:00','2020-10-20 00:00:00','naomikabamba3@gmail.com','$2y$10$lX.L/RUYCap7geflaUUYCOevnlSOPlMUD0feaE6fF/RQU5fpIhBk.',1,0,'Feminin',NULL,NULL,'00077'),(78,'CD0007898','Kapinga Kabamba','Naomie',50,'','+15154997565',NULL,'9','00030','2020-10-20 00:00:00','2020-10-20 00:00:00','naomikabamba3@gmail.com','$2y$10$NqHXD2HrfQOK5eh.nHe6WO/zq5Q4BzDOzA3.ne7.8svnMGSVb2SSC',1,1,'Feminin',NULL,NULL,'00078'),(79,'CD0007935','Kabombo','Amos',50,'','+243818860407',NULL,'9','00030','2020-10-20 00:00:00','2020-10-20 00:00:00','amoskabombo1975@gmail.com','$2y$10$SaQSH.6RppGqDP267Iv2SuwjBiVaKYyLoBLPlUYL7WEj8XkPBN4hi',1,1,'Masculin',NULL,NULL,'00079'),(80,'CD0008040','Bukasa','Isaac',50,'','+243819190529',NULL,'9','00030','2020-10-20 00:00:00','2020-10-20 00:00:00','gpmknbgl@gmail.com','$2y$10$qEN3mMaa4JLMlk27x4IdjOM4jAmU8AgAarlX3474FmOij.eEBluwK',1,1,'Masculin',NULL,NULL,'00080'),(81,'CD0008187','Richard','MIGELE DAMA',50,'','+243825704417',NULL,'9','00030','2020-10-20 00:00:00','2020-10-20 00:00:00','tcvsarl@gmail.com','$2y$10$bXNzONZphkzxgXxggPzuOexyW4Kutd1mp3WqqwkSGQmz1K86fdYDC',1,1,'Masculin',NULL,NULL,'00081'),(82,'UG0008229','Justin','MIADUNGA BAGBEYO',222,'','+256771359426',NULL,'9','00030','2020-10-20 00:00:00','2020-10-20 00:00:00','tcvsarl@gmail.com','$2y$10$.y6FArZkH4Cv/S43sAXZ0..K0SlAkQl2f2iVKXW3o4IAgVgQN/lRC',1,1,'Masculin',NULL,NULL,'00082'),(83,'US0008336','Pierre ','Kapange ',226,'','+14105857918',NULL,'2','00074','2020-10-21 00:00:00','2020-10-21 00:00:00','pkapange@gmail.com','$2y$10$eZKIjct3W4kqbT1Y4hj1Wu3bMEBCoUEbY4fK39eTlSWDENEjvHe5y',1,0,'Masculin',NULL,NULL,'00083'),(84,'CM0008431',' SUFFO','Simplice',37,'','699591190',NULL,'2','00074','2020-10-21 00:00:00','2020-10-21 00:00:00','simplicesuffo@gmail.com','$2y$10$b7XzFPaqqH8keXkCROkuk.025oQ3ZqwzxatQP2qkFWiQ717XsesWC',1,1,'Masculin',NULL,NULL,'00084'),(85,'CM0008537','DJOUGUELA KAMTOH','Cyrille',37,'','670013858',NULL,'3','00006','2020-10-21 00:00:00','2020-10-21 00:00:00','Djokamcyr@yahoo.fr','$2y$10$ivWmly3/irEpQnafQ59nSuKiBuTykmzbKQIpvaqUhmqbtt0uGT3zS',1,1,'Masculin',NULL,NULL,'00085'),(86,'CD0008676','Bundu','Doris',50,'','+243990935843',NULL,'9','00030','2020-10-21 00:00:00','2020-10-21 00:00:00','dorisbundu1@gmail.com','$2y$10$.05KH4MemofDwNmR1i/Q9.3La5emrGDkvv1SzHJ4Rp0/I/MpTB73.',1,1,'Masculin',NULL,NULL,'00086'),(87,'CM0008715','Tamadzou ','Alain',37,'','237 691202135 691202135 ',NULL,'1','00001','2020-10-21 00:00:00','2020-10-21 00:00:00','alaintamadzou@gmail.com','$2y$10$r2W051OvB5KUGcH7vFSsWuv6ymurSGahjKJpwPo2kMxwS.USeRg8O',1,1,'Masculin',NULL,NULL,'00087'),(88,'CM0008882','LESIGA','B. SAMGWA\'A',37,'','+1 (240) 254 7539',NULL,'1','00046','2020-10-21 00:00:00','2020-10-21 00:00:00','lsamgwaa@gmail.com','$2y$10$WgpgnCqfGYs4nBVggSUhMeJe4bk/PZHjeypPErtEDjb6o6ZYLVgnC',1,1,'Masculin',NULL,NULL,'00088'),(89,'CM0008990','NGUM Epse CHAH ',' MARY CHE',37,'','675390264',NULL,'1','00044','2020-10-21 00:00:00','2020-10-21 00:00:00','ngumisen@yahoo.com','$2y$10$kPg.xkJ8ryK1PRBbI9jzH.KZqeUhzjccntOvJnAOGhawhMbKp1aSC',1,1,'Masculin',NULL,NULL,'00089'),(90,'CM0009035','Tefouet ','Thomas ',37,'','694808955',NULL,'1','00001','2020-10-21 00:00:00','2020-10-21 00:00:00','tefouett@yaho.fr','$2y$10$jK3.mAFbJkOKWQ/KgCpie.D0s8QMURSPk7//fLV8OyY5lKangSu7S',1,0,'Masculin',NULL,NULL,'00090'),(91,'CM0009191','Tefouet ','Thomas ',37,'','694808955',NULL,'1','00001','2020-10-21 00:00:00','2020-10-21 00:00:00','tefouett@yahoo.fr','$2y$10$iu9XSGWzP6IOk8q3.UBHBufRlA5kQD6r0aYxR0JH4QDsLuCcporwK',1,1,'Masculin',NULL,NULL,'00091'),(92,'NG0009296','Abisola','Obaleye',156,'','09087121678',NULL,'6','00029','2020-10-21 00:00:00','2020-10-21 00:00:00','abisola_obaleye@yahoo.com','$2y$10$S3vfAiFHlCgahm7bnvb05ODC3ihwQHNnvz5f4.ZpUjstT7wvOltWa',1,0,'Feminin',NULL,NULL,'00092'),(93,'CM0009359','Émile junior','BILOGUE ONANA',37,'','+237656543130',NULL,'9','00030','2020-10-21 00:00:00','2020-10-21 00:00:00','tcvsarl@gmail.com','$2y$10$.zFt6LxZpP0dweamhyGEruprxbZdBjJzyJfDL9tSUOVpQ6w3bdyKO',1,1,'Masculin',NULL,NULL,'00093'),(94,'CM0009451','KOOH','Sagesse ',37,'','677811928',NULL,'2','00084','2020-10-21 00:00:00','2020-10-21 00:00:00','sagesmade@yahoo.fr','$2y$10$SZQlEIs3FJhiDzOOCv941ukGPzL/FABcFS5QC3N1x22NiEdPwd3oC',1,0,'Feminin',NULL,NULL,'00094'),(95,'CD0009549','Gisèle','MATONDO MAKIANA',50,'','+243853936801',NULL,'9','00030','2020-10-21 00:00:00','2020-10-21 00:00:00','tcvsarl@gmail.com','$2y$10$NbM1L6haac1qrrVE9zSku.PwqStSPcet0ukjXfRhK0rKD4Bxft6qq',1,1,'Feminin',NULL,NULL,'00095'),(96,'CD0009613','Mifunga','Sarah',50,'','+243820395425',NULL,'9','00030','2020-10-21 00:00:00','2020-10-21 00:00:00','sarahkayembe6@gmail.com','$2y$10$QVZ5bVQYRgd8JL4WjZ8rLO9oAH/xhhL9GjIpm5PqG0ym.v9xdUQgW',1,1,'Feminin',NULL,NULL,'00096'),(97,'CD0009796','Huguette','MBOMBO KABAMBA',50,'','+243820233174',NULL,'9','00030','2020-10-21 00:00:00','2020-10-21 00:00:00','tcvsarl@gmail.com','$2y$10$Gg.OQ4HOcIEk6xNQHE1Ju.eIOeztxcTQmzvS756DpyDFnLwUiKrOi',1,1,'Feminin',NULL,NULL,'00097'),(98,'CM0009818','KOOH ','Sagesse ',37,'','677811928',NULL,'2','00084','2020-10-21 00:00:00','2020-10-21 00:00:00','sagesmade@yahoo.fr','$2y$10$0smvNGotMJLd2ioXI5ndB.K46y85SfFydqvniZ9WkE./a48lV0lge',1,0,'Feminin',NULL,NULL,'00098'),(99,'NG0009911','Ekaette Ernest','Johnson',156,'','08038628350',NULL,'6','00029','2020-10-21 00:00:00','2020-10-21 00:00:00','blissest@yahoo.com','$2y$10$03k1k4acJTeNebzIcZSBleBqOd/6Ygtc85kerpfofxhRpg8dgVaLm',1,1,'Feminin',NULL,NULL,'00099'),(100,'CM0010031','ATOH ','SHELLA NGUM',37,'','677578441',NULL,'1','00089','2020-10-21 00:00:00','2020-10-21 00:00:00','atohshellan@gmail.com','$2y$10$O.0EMuZ00gQMvhJtPMpZTeWMxapxADdJlxpacPhzqUf59l9l4z1JW',1,1,'Feminin',NULL,NULL,'00100'),(101,'SN0010199','KAILLY','Magloire Bienvenu',188,'','+221 77 642 93 21',NULL,'3','00006','2020-10-21 00:00:00','2020-10-21 00:00:00','mbkailly@gmail.com','$2y$10$TGNQMm.eyyMloubg2Eb8b.HUr2Dqbq0rYy7EJfyrgwSza228YJKqa',1,1,'Masculin',NULL,NULL,'00101'),(102,'CM0010216','Kenla Lando','Grace Delonne',37,'','676902387',NULL,'1','00005','2020-10-21 00:00:00','2020-10-21 00:00:00','gracelando95@gmail.com','$2y$10$fjhoGKVNpxeLQhXXVRB1LORDgvswHeDH4.nVCkdTkj5n6X560/Fq6',1,1,'Feminin',NULL,NULL,'00102'),(103,'SN0010397','DIA','Haby Elhadji',188,'','+221 77 1338418',NULL,'3','00023','2020-10-21 00:00:00','2020-10-21 00:00:00','haboymbakhane@yahoo.fr','$2y$10$.bERzuHfutweMNhT20iZiOzuoMCBH1YaJpoo5cwaCzO87YwRkrBi2',1,0,'Feminin',NULL,NULL,'00103'),(104,'NG0010436','Grace Ashelo','Okoh',156,'','08035867158',NULL,'6','00029','2020-10-21 00:00:00','2020-10-21 00:00:00','ashelograce@gmail.com','$2y$10$D5YyVsDlZJMrdbrAji7tvexdZzdBIYlLjcmCOyoMrfw8OKIJRJtji',1,1,'Feminin',NULL,NULL,'00104'),(105,'NG0010519','Sebastian','Tupkop',156,'','+23470667785500',NULL,'6','00029','2020-10-21 00:00:00','2020-10-21 00:00:00','sebastiantupkop@gmail.com','$2y$10$DVI0b.mPlExsyMEIfJWh7eJlhVxwjDFzilJR.y1auIy8QGmXxi5me',1,1,'Masculin',NULL,NULL,'00105'),(106,'CD0010644','Kabeya','Simon',50,'','+243822332909',NULL,'9','00030','2020-10-21 00:00:00','2020-10-21 00:00:00','kabeyaperets@gmail.com','$2y$10$V1mXvFK.8Jq5eTbTHzODq.ZRIp/XSk/NBMVasxJDS4gSgiq9apqSa',1,1,'Masculin',NULL,NULL,'00106'),(107,'CD0010776','Ilunga','John Sley',50,'','+243817110615',NULL,'9','00030','2020-10-21 00:00:00','2020-10-21 00:00:00','johnsleyilunga@gmail.com','$2y$10$pVFNqkVV.xi9ivtapIAaE.EW0Lec2FPNZjRYCNYzT9xQGmG5HUqnS',1,1,'Masculin',NULL,NULL,'00107'),(108,'FR0010812','NITIDEM KIAKEU','Thierry Franck',73,'','0699227389',NULL,'1','00003','2020-10-21 00:00:00','2020-10-21 00:00:00','nktf1989@gmail.com','$2y$10$h2CWwqk6P4ZMUTW8AhFimOxqt8MvDt.Eh9yvMTiC7CLbSIQLlSS42',1,1,'Masculin',NULL,NULL,'00108'),(109,'CM0010934','TCHINDA DADJIO ','BLANDIN',37,'','695931155',NULL,'2','00067','2020-10-21 00:00:00','2020-10-21 00:00:00','tcblandin@yahoo.fr','$2y$10$FcfPy1eZDlEsf3rSUZKXRuQ2WiFiEjLBPKgsh4Egyw6VstLWCVUB.',1,1,'Masculin',NULL,NULL,'00109'),(110,'CM0011081','Tchatoum ','Olivier',37,'','+33647154415',NULL,'1','00009','2020-10-21 00:00:00','2020-10-21 00:00:00','tchatolivier@gmx.net','$2y$10$Q0aKyl/opiGqMcDdzQZsUOVn3kT8gamNzIwPsRToMle1c6MKscfXC',1,1,'Masculin','5h - 7h','Respecter les heures de la retraite pour que nous soyons ponctuel dans d autre occupation','00110'),(111,'CM0011143','TCHINDA DADJIO ','BLANDIN',37,'','695931155',NULL,'2','00067','2020-10-21 00:00:00','2020-10-21 00:00:00','tcblandin@yahoo.fr','$2y$10$4WDrUJN.q/mFL3EJsP2.LO2dWmtfMsytNyv.vlQyoUMINWahUpJ8y',1,0,'Masculin',NULL,NULL,'00111'),(112,'CG0011220','MIAYOUKOU','GRACE DIVIN',49,'','+242066151616',NULL,'1','00005','2020-10-21 00:00:00','2020-10-21 00:00:00','miayoukou.g@gmail.com','$2y$10$4LiUKQ0guCr3MQas4TGCCuwgSG.qVODS9hFRcmf/wT.ymTs/UGVYu',1,1,'Masculin',NULL,NULL,'00112'),(113,'CD0011357','BOYEKA BWA BOMOKOLE ','WILLY CLAUDE',50,'','00243998286137',NULL,'1','00024','2020-10-21 00:00:00','2020-10-21 00:00:00','claudeboyeka@yahoo.fr','$2y$10$pQ4LZ9dkzc3ivs6DLerFnuxDvvTFH726gRkGGZkieaXdPKHFqf8se',1,1,'Masculin',NULL,NULL,'00113'),(114,'CM0011448','Tsanou','Alex',37,'','+237 675985398',NULL,'1','00005','2020-10-21 00:00:00','2020-10-21 00:00:00','alextsanou@gmail.com','$2y$10$aOozcZC5BDyYlEFPflNoKu6OUWpG1h51.gNWPX46RxNYaJJgdYLgG',1,1,'Masculin',NULL,NULL,'00114'),(115,'CM0011580','Batassi','Emmanuella Deneuve',37,'','695154376',NULL,'1','00005','2020-10-21 00:00:00','2020-10-21 00:00:00','batassiamour@gmail.com','$2y$10$35xxD.IAU9MFIDtidM7qbO7fyx36wvjxuWhri8NrL9RZuNuAc4rM.',1,1,'Feminin',NULL,NULL,'00115'),(116,'CM0011610','Seudjeu','Hortense',37,'','677696502',NULL,'8','00014','2020-10-21 00:00:00','2020-10-21 00:00:00','hortenseudjeu@gmail.com','$2y$10$ZPwK2xf4bAsxABA3S8x/h.gGa0R1FFQf.W9GtwKLKdbdfO3MrA6dC',1,1,'Feminin',NULL,NULL,'00116'),(117,'CM0011759','Tcheuffa Leumaha','Hervé Valaire',37,'','655056612',NULL,'1','00005','2020-10-21 00:00:00','2020-10-21 00:00:00','hervaltcheuffa777@gmail.com','$2y$10$YlLoqTGYUhURWoBFGv7LgeK0jYxur7u5bM0volcHALucF8aHYLfim',1,1,'Masculin',NULL,NULL,'00117'),(118,'NG0011852','Margaret ','Dakwat ',156,'','08186658291',NULL,'6','00029','2020-10-21 00:00:00','2020-10-21 00:00:00','mdmargie123@gmail.com','$2y$10$hAVm64qLyb1LzXmZFCkduuRxNFSMl0cxT6.pWP0m1RGvBMQEVTF3u',1,1,'Feminin',NULL,NULL,'00118'),(119,'CM0011986','TCHOKODEU','JUDITH CARINE',37,'','00237696057829',NULL,'1','00001','2020-10-21 00:00:00','2020-10-21 00:00:00','jutchoko2@gmail.com','$2y$10$MqETvA11x.SF6c02Mhimfu4BJzTQkgx.RJZy1kGWl2HpxzEoIijs6',1,1,'Feminin',NULL,NULL,'00119'),(120,'CM0012074','Wamba','Armel louis',37,'','+22892378394',NULL,'1','00005','2020-10-21 00:00:00','2020-10-21 00:00:00','Armellouisn6@gmail.com','$2y$10$uCdRxSjHaXYW8p.Uu71CqOXAUBsm0f4QIm9qWjIhsojrfUdQtM.76',1,1,'Masculin',NULL,NULL,'00120'),(121,'IE0012174','Glen','Njulefac Fomengia',103,'','+353871013395',NULL,'3','00012','2020-10-21 00:00:00','2020-10-21 00:00:00','gfomengia@gmail.com','$2y$10$rXZV/Cm6EA.cQoY/GXxHYOQcVRAq0k8/ybrbxTwAFDgaaT8Bixt3e',1,1,'Masculin',NULL,NULL,'00121'),(122,'CM0012227','Kenla Lando','Grace Delonne',37,'','676902387',NULL,'1','00005','2020-10-21 00:00:00','2020-10-21 00:00:00','gracelando95@gmail.com','$2y$10$MZBBqvly9K/4/jE6i6HyZe34LLGW82MV62Qj/W4H8G3q7BV82.P8u',1,0,'Feminin',NULL,NULL,'00122'),(123,'CM0012319','OMBASSA MOUELLE ','FRANCIS SERGE',37,'','+237677310179',NULL,'1','00024','2020-10-21 00:00:00','2020-10-21 00:00:00','francisombassa@yahoo.fr','$2y$10$FGl9fH3K8tOpKejq9ifQpeN8wwUjmCCBvG0HCH9uqhJoJmRbkWs6O',1,1,'Masculin',NULL,NULL,'00123'),(124,'CD0012497','MAMBA MITSHIABO ','JENNY',50,'','+243819944842',NULL,'1','00002','2020-10-21 00:00:00','2020-10-21 00:00:00','jenmamba1@gmail.com','$2y$10$hsdSNUVqsqL6vE31ZN7Ln.S62VqL1yceFJv..D5u66cDYGZU68LHC',1,1,'Feminin',NULL,NULL,'00124'),(125,'CM0012576','BEGNA BATCHAMEN ','SIMPLICE AIME ',37,'','+237677168425',NULL,'1','00002','2020-10-21 00:00:00','2020-10-21 00:00:00','begnasimplice@yahoo.fr','$2y$10$zXJvq6Slss3wLFMq2/wx1OQejG7ceCTPVmHMZiwPANjOVFoAaOoWa',1,1,'Masculin',NULL,NULL,'00125'),(126,'CD0012695','NSEKE NJAH ','JOEL ALAIN ',50,'','+243991836583',NULL,'1','00024','2020-10-21 00:00:00','2020-10-21 00:00:00','nsekenjah@gmail.com','$2y$10$BWJ.AsUOrPYEw0P.eaW/Ve66JZyF.Q0Fr941LVVFzGGLFGdi5MiiW',1,1,'Masculin',NULL,NULL,'00126'),(127,'CM0012766','TALLA','Isabelle',37,'','691404059',NULL,'1','00011','2020-10-21 00:00:00','2020-10-21 00:00:00','tisacarole@yahoo.fr','$2y$10$8DVlS14TFHoM8nX8vPTsVOQI44yQRcOXQpnB.zivu29GLkTBe8tD2',1,1,'Feminin',NULL,NULL,'00127'),(128,'CD0012893','AWONO NGAH EDZO ','BERNARD',50,'','+243854645707',NULL,'1','00024','2020-10-21 00:00:00','2020-10-21 00:00:00','bernardawono1@yahoo.fr','$2y$10$u96igtNsVn1NUAaDAxOC8OmyGcnGdxtYwl6gNQ.IFtyBhHtL0flFe',1,1,'Masculin',NULL,NULL,'00128'),(129,'DE0012917','KWINDJA ','FLORENCE',80,'','+237678973519',NULL,'1','00002','2020-10-21 00:00:00','2020-10-21 00:00:00','kwindjaf@yahoo.com','$2y$10$kf4bD3B.Lex1WGjSzOe34ufI8.XL39DPY4hdiCXhQCgsmVDHNNN8a',1,1,'Feminin',NULL,NULL,'00129'),(130,'CM0013052','NANGUE TADADJEU','Pascal',37,'','696335728',NULL,'3','00006','2020-10-21 00:00:00','2020-10-21 00:00:00','Pascaldadado@yahoo.com','$2y$10$kwpqdiMVrGCabX9caCNKuOS71VHzY185UeGMyDtX25eX5wJnVsszi',1,1,'Masculin',NULL,NULL,'00130'),(131,'CM0013170','NANGUE MIAFFO','Yannick',37,'','670066769',NULL,'3','00006','2020-10-21 00:00:00','2020-10-21 00:00:00','nanguegwladys@yahoo.com','$2y$10$fjVDhQj9ul.weBmiOcbzBuTocnDbpSCpH6puv5Ayf98l9pT0B3fWu',1,1,'Masculin',NULL,NULL,'00131'),(132,'CM0013258','MEKAME NGUELEWOU','AIMÉ ',37,'','690241761',NULL,'1','00007','2020-10-21 00:00:00','2020-10-21 00:00:00','aimermekame15@gmail.com','$2y$10$MeGoxG0Qc..vV4WZXHSvT./v4pULmGB94mz6pTmbrVLJ3QZyjIM3a',1,1,'Masculin',NULL,NULL,'00132'),(133,'CM0013387','Michel ','Mougang',37,'','0023776375699',NULL,'1','00003','2020-10-21 00:00:00','2020-10-21 00:00:00','mougangm@yahoo.fr','$2y$10$2ecZtAYoY.U.1af75vk2/OR0Yk8j9XaFkHRzEPc7lHafg306MATwm',1,1,'Masculin',NULL,NULL,'00133'),(134,'CM0013473','KOUAKAM','Charly',37,'','+237678858287',NULL,'1','00011','2020-10-21 00:00:00','2020-10-21 00:00:00','charlykouakam@gmail.com','$2y$10$QaC7KL.ULPGc3qpfTn8yruG7mmRaLN8Ejqv6m4gdt3M570qV9vaMO',1,1,'Masculin',NULL,NULL,'00134'),(135,'GW0013538','KONATÉ ','ROCKY ',90,'','955826897',NULL,'1','00003','2020-10-21 00:00:00','2020-10-21 00:00:00','rockydarling@hotmail.com','$2y$10$mePSDDwl7pQ0vlFicHf98O54koMaCmrwEz9TuPJR6H8TOz9XO4NZS',1,0,'Feminin',NULL,NULL,'00135'),(136,'FR0013671','Victor ','Tout how Nougoue',73,'','0033623532550',NULL,'1','00003','2020-10-21 00:00:00','2020-10-21 00:00:00','victounou@yahoo.fr','$2y$10$pPOcdjlCk4obP/Mg76.MPeUC9U4dTJ3dTA5/QtBgc1CKxIchZF7Fe',1,1,'Masculin',NULL,NULL,'00136'),(137,'TN0013741','TSAFACK','SARAMINE',217,'','+237672572451',NULL,'9','00027','2020-10-21 00:00:00','2020-10-21 00:00:00','sarametsafack@gmail.com','$2y$10$3Tm7H8E633qukPjG2jN2dO2Ym5BQ.pHb8k.msSk0TZm.NOVsRaqNS',1,0,'Feminin',NULL,NULL,'00137'),(138,'CM0013833','Djouomou Simo','Gwendolin Loïc',37,'','+23798742058',NULL,'1','00011','2020-10-21 00:00:00','2020-10-21 00:00:00','logwensimo@gmail.com','$2y$10$MikUxnAdVmrnwBECir.CaeSdNEg6LU2ZNx0tam1AiTJyolz9kHqee',1,0,'Masculin',NULL,NULL,'00138'),(139,'CD0013957','Masanka','Gloria',50,'','+243826767847',NULL,'9','00030','2020-10-21 00:00:00','2020-10-21 00:00:00','gloriahmasanka41@gmail.com','$2y$10$CmUZeXK2gzPIHPdUpNsWB.RgemaKthiD6oupFSkX3v1SxInTgYBTq',1,1,'Feminin',NULL,NULL,'00139'),(140,'SN0014098','KEMAYI','Pauline Nkitabungi',188,'','+221776543486',NULL,'3','00023','2020-10-21 00:00:00','2020-10-21 00:00:00','pnkemayi@gmail.com','$2y$10$DlOagzY2eEZoZd2dC6ChIeSNUVv17nAp03jrIoFkMAZhJ7/sQFbiu',1,1,'Feminin',NULL,NULL,'00140'),(141,'CM0014169','NKATIE','Cindy Merveille',37,'','+237693468878l',NULL,'3','00006','2020-10-21 00:00:00','2020-10-21 00:00:00','nanguegwladys@yahoo.com','$2y$10$gpc6aVgeEqVTGhi24Qqm/.tM7cDB23O0oxSEhOLJ7iOcHegVbQxt6',1,1,'Feminin',NULL,NULL,'00141'),(142,'CD0014262','Kwete','Elisée',50,'','+243997477772',NULL,'9','00030','2020-10-21 00:00:00','2020-10-21 00:00:00','eliseekwetem@gmail.com','$2y$10$L1r7U1dk1PunxCESvXCF6OmgnZkQ3sp8951SITMvpl1IMP6p5WtEK',1,1,'Masculin',NULL,NULL,'00142'),(143,'AF0014328','AVOGNON','Gratias Emile Junior',1,'','+221775962081',NULL,'1','00051','2020-10-21 00:00:00','2020-10-21 00:00:00','juniorlover@live.fr','$2y$10$BtwWhAdPKlpxlCZXFizwae0rrCxpdDNwjugsXDf/45VfJP1aRn92K',1,1,'Masculin',NULL,NULL,'00143'),(144,'CD0014446','Tshiasuma','Sylvain',50,'','+243821632319',NULL,'9','00030','2020-10-21 00:00:00','2020-10-21 00:00:00','sylvain.tshiasuma@outlook.fr','$2y$10$na.wXSkd8RrUi4WZ2GBrWea5NxC3EWxGcSxA2f7ZEnEsGxpZq10be',1,1,'Masculin',NULL,NULL,'00144'),(145,'TN0014565','TSAFACK','SARAMINE',217,'','+237672572451',NULL,'9','00027','2020-10-21 00:00:00','2020-10-21 00:00:00','raphael.feuku@yahoo.fr','$2y$10$ValMwYS6T/VLIkCp3EY2nejYmWBVmKiCMPN2ofL4PtEDgJRzQbWnW',1,0,'Feminin',NULL,NULL,'00145'),(146,'CD0014670','Basile','MASUA TCHOMBA',50,'','+243815196332',NULL,'9','00030','2020-10-21 00:00:00','2020-10-21 00:00:00','tcvsarl@gmail.com','$2y$10$2KbNoBTD7RI0KAixQROugOgJRpL/z09Vhe35cH6uhU4WB7UpWhK6a',1,1,'Masculin',NULL,NULL,'00146'),(148,'CM0014866','Tchatoum ','Olivier',37,'','+33647154415',NULL,'1','00110','2020-10-21 00:00:00','2020-10-21 00:00:00','tchatolivier@gmx.net','$2y$10$aMkJ0vs789XQbftrvSzNmuTDnf84383NUzQzTAujucKegjGvvmQaa',1,0,'Masculin',NULL,NULL,'00148'),(149,'CD0014929','René Giscard','NYEMBO',50,'','+243998096078',NULL,'9','00030','2020-10-21 00:00:00','2020-10-21 00:00:00','tcvsarl@gmail.com','$2y$10$vJCclNwQTDofT8sK04IpKOQL8eKLXkFdk36jriwqLvbRqvuDIic3C',1,1,'Masculin',NULL,NULL,'00149'),(150,'CM0015044','Djouomou Simo','Gwendolin Loïc',37,'','+237 98742058',NULL,'1','00011','2020-10-21 00:00:00','2020-10-21 00:00:00','logwensimo@gmail.com','$2y$10$qGs2lQnn.lGqOn0b1UmSCOxaZmSfeZp0XVXkAOx4RawTPIckRztJm',1,1,'Masculin',NULL,NULL,'00150'),(151,'US0015131','Bridget','Ntungwen',226,'','+1(240) 374 8705',NULL,'1','00046','2020-10-21 00:00:00','2020-10-21 00:00:00','ntungwenbri@gmail.com','$2y$10$D9gZfzjazF07/BV9UQLBSu2Y.HF0tSY3CK7ZQ1GAUzu/oF1gKWZdC',1,1,'Feminin',NULL,NULL,'00151'),(152,'US0015223','Enow Bakia','Achere',226,'','+1 (770) 744-8703',NULL,'1','00011','2020-10-22 00:00:00','2020-10-22 00:00:00','joanaeno@gmail.com','$2y$10$0tVlIwVbH0TPi49uNUPTFe3MBMhHyszB4MvK0g6DbjPsGDtWejgpC',1,1,'Feminin',NULL,NULL,'00152'),(153,'TN0015323','TSAFACK','SARAMINE',217,'','+237672572451',NULL,'9','00027','2020-10-22 00:00:00','2020-10-22 00:00:00','raphael.feuku@yahoo.fr','$2y$10$ub50Fa5Nyz85XqaZ9eg0L.rE8jfplzA4Ks/tu71nlSNsXjEpeFgK6',1,1,'Feminin',NULL,NULL,'00153'),(154,'PH0015480','KUWONG','Alain',169,'','639179072907',NULL,'1','00011','2020-10-22 00:00:00','2020-10-22 00:00:00','alain.kuwong@yahoo.com','$2y$10$iQfTRXGt7pfO5K31MU3xvuHii9BxWF95qPQ7xttsH7Wm97pc1K3MW',1,1,'Masculin',NULL,NULL,'00154'),(155,'CM0015552','TASAMA ','JULIET NAHLELA',37,'','+237 6 96 36 50 00',NULL,'1','00016','2020-10-22 00:00:00','2020-10-22 00:00:00','j.nahtasama@gmail.com','$2y$10$8uTTCl9isFg0JQut8lTNde8Z1DboCjA.mczdlQH1ipng901t8yVyO',1,1,'Feminin',NULL,NULL,'00155'),(156,'SN0015611','KEMAYI','Pauline Nkitabungi',188,'','+221776543486',NULL,'3','00023','2020-10-22 00:00:00','2020-10-22 00:00:00','pnkemayi@gmail.com','$2y$10$xSayav1W5IL2w0QLqdgfvuPeJhUu4N6pKqdJJO39fdvjpm/LuvMtq',1,1,'Feminin',NULL,NULL,'00156'),(157,'BF0015795','ZONGO','Amélie K Jeanne I',34,'','+226 70 63 91 61',NULL,'3','00040','2020-10-22 00:00:00','2020-10-22 00:00:00','zerboetia@gmail.com','$2y$10$IQdoIfLvdChsFl.abaVIuOCQpQ.fDS1yxt5XfB70eL898Mbu4F.LS',1,1,'Feminin',NULL,NULL,'00157'),(158,'CM0015862','Aminatou ','Minche Mfam ',37,'','655839002',NULL,'1','00037','2020-10-22 00:00:00','2020-10-22 00:00:00','minakeugang@gmail.com','$2y$10$CeaNPUMnhHuDdrWqsT7CDeUH2uzgxlgaJ6mFcmBlmTc3J2s6uqvXm',1,1,'Feminin',NULL,NULL,'00158'),(159,'BJ0015951','FOUNDOHOU','O. Saara',23,'','+22996283030',NULL,'3','00040','2020-10-22 00:00:00','2020-10-22 00:00:00','saarafoundohou@gmail.com','$2y$10$/byl1wE/.qTKf51sGoDtuetG57x6mfR7/Okh/KFcLc.wkgYiu0T6W',1,1,'Feminin',NULL,NULL,'00159'),(160,'AF0016087','Nguedia ','Michelle ',1,'','+27788167624',NULL,'1','00037','2020-10-22 00:00:00','2020-10-22 00:00:00','michelle.nguedia@gmail.com','$2y$10$FnPRTroFz2v7YdQoRPuUzOF1RvZbAGAvVzodYhlDLmh3PisbeGz.G',1,1,'Masculin',NULL,NULL,'00160'),(161,'CM0016198','MAMA','Aloys Achille Aime',37,'','+237699591543',NULL,'1','00037','2020-10-22 00:00:00','2020-10-22 00:00:00','mamaaloysachille@gmail.com','$2y$10$TJeD/c467.9sHevrcgr6SuO2JVxntcwkj.5wYal1gkMHyqLMji0Ia',1,0,'Masculin',NULL,NULL,'00161'),(162,'CD0016267','Kapinga','Eveline',50,'','+243851243259',NULL,'9','00030','2020-10-22 00:00:00','2020-10-22 00:00:00','gpmknbgl@gmail.com','$2y$10$vPlOn.iiUe3m2nmOifQVOOivZ/Viga.dyygR07nFYouc9IW1UOexC',1,1,'Feminin',NULL,NULL,'00162'),(163,'NG0016376','Okiemute ',' Olori',156,'','08026115059',NULL,'6','00029','2020-10-22 00:00:00','2020-10-22 00:00:00','transformationalparenteen@gmail.com','$2y$10$iynvmEPdM7SuhnwNVLm8We3kHX9.Wq6HDW3t2b.ywP14rboQctbUq',1,1,'Feminin',NULL,NULL,'00163'),(164,'NG0016490','Tega ','Omogor ',156,'','08180153583',NULL,'6','00029','2020-10-22 00:00:00','2020-10-22 00:00:00','tegasil@yahoo.com','$2y$10$y0f6ygR9FvkmNITpHpZSj.rPSIMntLe2.6Ac2w2S0U9N18h4H89Ky',1,1,'Feminin',NULL,NULL,'00164'),(165,'CD0016525','Kalume','Yves',50,'','+243825948936',NULL,'9','00054','2020-10-22 00:00:00','2020-10-22 00:00:00','yveskc@gmail.com','$2y$10$LT5NPLYVMx1C42HBL5hPaeOKCA2a318OLlKf.FwPnXsU9Hewum.I6',1,1,'Masculin',NULL,NULL,'00165'),(167,'CD0016790','Isabelle','MATAMBA KAPINGA',50,'','+243999911146',NULL,'9','00030','2020-10-22 00:00:00','2020-10-22 00:00:00','matambakapinga@yahoo.fr','$2y$10$2OHwmKKZ3jnDt77OMRFg1e/tIh2QTrp95HiOZR8YUEiZMttfXqDde',1,1,'Feminin',NULL,NULL,'00167'),(169,'BJ0016994','AFFIONME','H. Emmanuel Rodrigue',23,'','+22996085274',NULL,'3','00040','2020-10-22 00:00:00','2020-10-22 00:00:00','hwetchedemma@gmail.com','$2y$10$nVLfKjJLdxWGHQ5TmAoVeOx5PJyXhq34TCuRfa5FuVhPatkJDKKty',1,1,'Masculin',NULL,NULL,'00169'),(170,'CM0017087','MUNYOH ','Jude Mbaku',37,'','+237 75871516',NULL,'1','00011','2020-10-22 00:00:00','2020-10-22 00:00:00','judembaku@gmail.com','$2y$10$m95O8/ahT8HnUYSAjZwen.RbikjHb0stkQG5i4cLr6EsxSiEStBDe',1,1,'Masculin',NULL,NULL,'00170'),(172,'ZA0017251',' Ingrid flora','Ambatta ndjoa',197,'','0728160208',NULL,'1','00037','2020-10-22 00:00:00','2020-10-22 00:00:00','Floraambatta@gmail.com','$2y$10$sqmyfvwD6KNd/ZGTGxfUYuwrb82X/bAdNZ7quwE7bx3i2yUw6oGMu',1,0,'Feminin',NULL,NULL,'00172'),(173,'AF0017395','Rose','Kapinga MPUEKELE',1,'','+243810169241',NULL,'9','00030','2020-10-22 00:00:00','2020-10-22 00:00:00','mpuekelerose@gmail.com','$2y$10$YZW.eEKcTVm2Jzat66bkBuJ30AwvtmA.Q/dtGH74j0aseT/XWtnjy',1,1,'Feminin',NULL,NULL,'00173'),(174,'CD0017432','Evariste','Roger kalongi',50,'','+2430169241',NULL,'9','00030','2020-10-22 00:00:00','2020-10-22 00:00:00','gerkaneeger@gmail.com','$2y$10$ifj17IXU.tKahWcYcptFreC1AuygLqRYoanpDV7rU4zV0/P22E7cC',1,1,'Masculin',NULL,NULL,'00174'),(175,'AF0017586','Virginie','FATUMA MUND',1,'','+243810169241',NULL,'9','00030','2020-10-22 00:00:00','2020-10-22 00:00:00','fatumamundekevirginie6@gmail.com','$2y$10$DpWBLN1xAmQ3WGWOGxWwmes.0QZiFOJyxvmDbFrBTx24FTBRd.7/O',1,1,'Feminin',NULL,NULL,'00175'),(176,'US0017612','DJINE','RAPHAEL',226,'','670066769',NULL,'12','00001','2020-10-23 00:00:00','2020-10-23 00:00:00','raphjudo@yahoo.fr','$2y$10$copOhS33ALijMLOUd3D0oezm1OlLYby8PaMPuoT0nmWkPYBWRtM7K',2,1,'Masculin','5h - 7h','','00176'),(177,'CM0017780','OKON','INNOCENT',37,'','670066769',NULL,'1','00011','2020-10-23 00:00:00','2020-10-23 00:00:00','nanguegwladys@yahoo.com','$2y$10$P9ClIJTRSO2Zh5oe9wH8p.q5/cmYEz.q0KbEFgXWGNaENsbEO1DC6',1,1,'Masculin',NULL,NULL,'00177'),(178,'CM0017875','BODA DJINE','AUDE GLADYS',37,'','691020064',NULL,'1','00176','2020-10-23 00:00:00','2020-10-23 00:00:00','nanguegwladys@yahoo.com','$2y$10$Taqtsb7U55SOTD7JnVH83.tX2FBNuVVEvSUodTNBRdc4rLlbnJaAi',1,1,'Feminin',NULL,NULL,'00178'),(179,'CD0017917','Bilonda','Marie',50,'','+243854135733',NULL,'9','00054','2020-10-23 00:00:00','2020-10-23 00:00:00','bilondadomingos98@gmail.com','$2y$10$58z3O2ho01Q0c9dJAIE/O.HMG181TtWc/sBHYc.b8o4PLNQouIRZm',1,1,'Feminin',NULL,NULL,'00179'),(180,'CM0018017','AWAH  OTTO','CLAUVIS',37,'','650674360',NULL,'1','00044','2020-10-23 00:00:00','2020-10-23 00:00:00','awahclauvisotto@gmail.com','$2y$10$d7UbAluNzFsGOl1/RrC/c.SiDW.e5FMDPOLSxH.5zkgKC5HiI4NQS',1,1,'Masculin',NULL,NULL,'00180'),(181,'US0018187','NORA','SAKAL',226,'','+15122870335',NULL,'10','00176','2020-10-23 00:00:00','2020-10-23 00:00:00','nanguegwladys@yahoo.com','$2y$10$RC6lqRVImU0l.N600Hxwtuu5Cpv0M21kkaFLrkvmnymmA4vixZiCa',1,1,'Feminin',NULL,NULL,'00181'),(182,'NG0018280','Somadina ','Okafor',156,'','08068544191',NULL,'6','00029','2020-10-23 00:00:00','2020-10-23 00:00:00','somadinatokafor@yahoo.com','$2y$10$5CQ3WD.Hh53SxlozqFH./.02tuUmebRbPesrWE7JNhE3FyCaCq0oy',1,1,'Masculin',NULL,NULL,'00182'),(183,'ES0018356','Fossom ','Felicite ',199,'','+34622274686',NULL,'2','00074','2020-10-23 00:00:00','2020-10-23 00:00:00','felicitefossom242424@gmail.com','$2y$10$jzsto6vfN6Y9OMPZVkIIyeIeatqBhuRvuSHQ7Co/LD2V.iJ8tNQBu',1,1,'Feminin',NULL,NULL,'00183'),(192,'US0019223','ATANGA','ARNOLD',226,'','+14693163791',NULL,'11','00176','2020-10-23 00:00:00','2020-10-23 00:00:00','nanguegwladys@yahoo.com','$2y$10$jPskJiCTfM7Tpn5SfPxsOOsJe2.K1gkB85Kpi3reF4EZ6pAi6emcy',1,1,'Masculin',NULL,NULL,'00192'),(193,'NG0019393','Angela ','Michael -Sanda',156,'','08055271897',NULL,'6','00029','2020-10-23 00:00:00','2020-10-23 00:00:00','angiebabeohyes@gmail.com','$2y$10$WRIWdRflM3dImHsZPMGQxOHKQqfOyTlOVzFH91eiXnpSkrPps9/OG',1,1,'Feminin',NULL,NULL,'00193'),(194,'ZA0019413','NGNINGONE ','Telly',197,'','24166808099',NULL,'1','00037','2020-10-23 00:00:00','2020-10-23 00:00:00','tellyngnigone@gmail.com','$2y$10$Vy9rQK/nIl3I0mjGv1DHkORtzeY87Guyi/njspSamR3taWRjKbRem',1,1,'Masculin',NULL,NULL,'00194'),(195,'NG0019523','Felicia Happiness ','Olojede ',156,'','08099909992',NULL,'6','00029','2020-10-23 00:00:00','2020-10-23 00:00:00','feliciaolojede029@gmail.com','$2y$10$ozkDaEqxALZXl.oXE9U8UepZFUsOtoRrM9tlVHgYX1v.4Ot.emlS2',1,1,'Feminin',NULL,NULL,'00195'),(196,'US0019630','Ayuk  B. ','PARKER',226,'','3017558097',NULL,'1','00152 ','2020-10-23 00:00:00','2020-10-23 00:00:00','ayouque@yahoo.com','$2y$10$RcGgBSPexLY0B1MdeDcxZ.hJkNvDIl1mwAaKEiOZAzs2nIkQOyX7u',1,1,'Masculin',NULL,NULL,'00196'),(197,'CM0019784','Teufack ','Valerie ',37,'','699851440',NULL,'1','00005','2020-10-23 00:00:00','2020-10-23 00:00:00','annicka80@yahoo.fr','$2y$10$65bzyliOTPARFSlz090EL.0ETyBsIFmxV3vzDqe3NWa8dvQ/4H3ra',1,1,'Feminin',NULL,NULL,'00197'),(198,'US0019855','Pierre ','Kapange',226,'','4105857918',NULL,'2','00074','2020-10-24 00:00:00','2020-10-24 00:00:00','Pkapange@gmail.com','$2y$10$eOTJCxGM4.Qt.ILCoQIWyeHNg4d5j6aL9jNZh3kO3CuQkvPeY4Cz.',1,0,'Masculin',NULL,NULL,'00198'),(199,'US0019955','Pierre ','Kapange ',226,'','+14105857918',NULL,'2','00074','2020-10-24 00:00:00','2020-10-24 00:00:00','pkapange@gmail.com','$2y$10$vRN4.O2CbCcbyxXBl7Q1wuUZ5ftOFNMH8kvXzwaYngPvc8XQaghX6',1,1,'Masculin',NULL,NULL,'00199'),(200,'NG0020011','UDUAK','JULIA',156,'','+2348138832121',NULL,'1','00029','2020-10-24 00:00:00','2020-10-24 00:00:00','nanguegwladys@yahoo.com','$2y$10$rYcXOcwqHlv1m8DF/D2UZeWp6Oz039oXAZ0R404cbKXp89XuM6jGK',1,1,'Feminin',NULL,NULL,'00200'),(201,'CD0020152','Chrispin','Kasongo',50,'','+243998202476',NULL,'9','00030','2020-10-24 00:00:00','2020-10-24 00:00:00','kaslapacasbl@yahoo.fr','$2y$10$lx4ZptMtLJc7pApreqEgXurNzamPI7XXgaSEww.RWqNqsUC8xCoWq',1,1,'Masculin',NULL,NULL,'00201'),(202,'CD0020294','Simon','LUNGIEKI TEKA',50,'','+243810416937',NULL,'9','00030','2020-10-25 00:00:00','2020-10-25 00:00:00','lungiekiteka2013@gmail.com','$2y$10$eOF98sk1PpwMJxPK8wocxe5bn0OPT64CXI5CnKofG0Dy7n8Oto66a',1,1,'Masculin',NULL,NULL,'00202'),(203,'GA0020332','MBOUMBA','ROLAND PHARES',77,'','0024165588434',NULL,'9','00030','2020-10-25 00:00:00','2020-10-25 00:00:00','mboumba10@gmail.com','$2y$10$AfCPnxPfU0/JaR1QXtpWO.NDu0Ydi0OpfXC0iXQGo0l1rtAXAV5PO',1,1,'Masculin',NULL,NULL,'00203'),(204,'GB0020488','Jean Paul Basile ','Donfack Asobdong ',225,'','00447484660607',NULL,'1','00003','2020-10-25 00:00:00','2020-10-25 00:00:00','d.asobdong@hotmail.com','$2y$10$KDwRO88NbD.FG8tDqX.OMudkOM3OP38OS4CbtE.BbFh7XS0E1LMKW',1,1,'Masculin',NULL,NULL,'00204'),(205,'NG0020565','Amina','Ogunde',156,'','+2348039317615',NULL,'6','00029','2020-10-25 00:00:00','2020-10-25 00:00:00','aminaogunde@gmail.com','$2y$10$EXodh2tr7nD3tlpRnZy7xez.ki1QG42A2aN7u8j9dHyZK8olKNemm',1,1,'Feminin',NULL,NULL,'00205'),(206,'CM0020654','NGOUFFO','SERGE',37,'','+237 6 77 65 01 09',NULL,'9','00009','2020-10-26 00:00:00','2020-10-26 00:00:00','gaellotadzong@yahoo.fr','$2y$10$wGCVZNAlG9dFtOzuSInqsuy.0/ZuDTJWm9uKirsHeUD5ewXqMLhEO',1,0,'Masculin',NULL,NULL,'00206'),(207,'CM0020776','NGOUFFO','SERGE',37,'','+237 6 77 65 01 09',NULL,'9','00009','2020-10-26 00:00:00','2020-10-26 00:00:00','gaellotadzong@yahoo.fr','$2y$10$oQldKYg31m4TEVhml5kjFuMFym/u3sSHTzNabKyQD3aLovZ92zUGe',1,1,'Masculin',NULL,NULL,'00207'),(208,'CM0020834','TAPIGUE','ROSSINI',37,'','+237698936190',NULL,'1','00001','2020-10-26 00:00:00','2020-10-26 00:00:00','nusyce@gmail.com','$2y$10$/Zv58VAslzGnoiJ7zeMFFOGwA02eoFGE20xtT5eKF5DGYURmAA42.',1,1,'Masculin',NULL,NULL,'00208'),(209,'CD0020976','Mangala','Libère',50,'','+243813422306',NULL,'9','00030','2020-10-26 00:00:00','2020-10-26 00:00:00','mangalalibere@gmail.com','$2y$10$bNwEuB80Mh1E/Gv8ownb9.1jW.vOtSmrn9mVj9cxBJ3iqffHvm4PO',1,1,'Masculin',NULL,NULL,'00209'),(210,'CD0021061','Monga lisangi','Flory',50,'','+16477079269',NULL,'9','00030','2020-10-26 00:00:00','2020-10-26 00:00:00','mangalalibere@gmail.com','$2y$10$zOICppR2hriSM9bbVJwDUOmT6YaOo4UspwNuSZpVtV7Idcu2PsASy',1,1,'Masculin',NULL,NULL,'00210'),(211,'CD0021193','Kwete','Grace',50,'','+243978508109',NULL,'9','00030','2020-10-26 00:00:00','2020-10-26 00:00:00','eliseekwetem@gmail.com','$2y$10$i0Gaq4DD27gTDXrcAw1C0Opr0nA6NjVHFw2xUvv1rPETxK3dRbA5q',1,0,'Feminin',NULL,NULL,'00211'),(212,'AF0021247','Janvier','NZE',1,'','+24162231976',NULL,'9','00030','2020-10-26 00:00:00','2020-10-26 00:00:00','belightlogiciels.gabon@gmail.com','$2y$10$8mAd54B8yttthjtWy8CpS.ZbAs/MDBWhfC4CVuzujI9VyHrpotk1C',1,1,'Masculin',NULL,NULL,'00212'),(213,'CD0021339','Kwete','Grace',50,'','+243978508109',NULL,'9','00030','2020-10-26 00:00:00','2020-10-26 00:00:00','eliseekwetem@gmail.com','$2y$10$XUyUs6QYkQliIGipooauWO3Hr8O9GRjTeRl1vZA4XhUd6bT06RYQy',1,1,'Feminin',NULL,NULL,'00213'),(214,'CD0021433','Nkonko','Yannick',50,'','+243899337875',NULL,'9','00030','2020-10-26 00:00:00','2020-10-26 00:00:00','sarahkayembe6@gmail.com','$2y$10$A8QUaKXyqSuAq5D4NLUonuiieKVtwIOa8GdwIeIU8GoLFJ9IqXTa.',1,1,'Masculin',NULL,NULL,'00214'),(215,'CM0021580','NKUITCHOU MBAKOP ','Kevin-Roger ',37,'','678985240 ',NULL,'1','00005','2020-10-26 00:00:00','2020-10-26 00:00:00','kevinmbakop11@gmail.com','$2y$10$Mr1FuloRWO8Mk/7u4B/7geZFnp71hma7lpiQlFSmuGef0A63T0nV2',1,1,'Masculin',NULL,NULL,'00215'),(216,'BF0021644','Etongo','Ruth',34,'','+226 61 38 25 19',NULL,'1','00030','2020-10-27 00:00:00','2020-10-27 00:00:00','belightlogiciels.gabon@gmail.com','$2y$10$ipAXjtvZ12PfXItupxJtJOl1wotarMuNg8tCh7ATyo2OJXhTm/Eiu',1,1,'Feminin',NULL,NULL,'00216'),(217,'TG0021728','ANAMINE ','Brénam',213,'','+228 91 53 63 62',NULL,'9','00030','2020-10-27 00:00:00','2020-10-27 00:00:00','belightlogiciels.gabon@gmail.com','$2y$10$Q7.YgWIGe1JkQXOMGcooROZlrU3Cu3Ci7xEADfYvaee3MVXVLNk1C',1,1,'Feminin',NULL,NULL,'00217'),(218,'NG0021820','Helen ','Kokoruwe',156,'','08036839001',NULL,'6','00029','2020-10-27 00:00:00','2020-10-27 00:00:00','momysotty@yahoo.com','$2y$10$zvzA4BwgCtWpAAPXdwPaSuC7yQB86le6kxaRa1knEQNhyR3XoPFqi',1,1,'Feminin',NULL,NULL,'00218'),(219,'CD0021966','Kabalu','Olga',50,'','+243819951434',NULL,'9','00030','2020-10-27 00:00:00','2020-10-27 00:00:00','tcvsarl@gmail.com','$2y$10$oZoVw9DdmNf/NSxPJse/tuJd45Ee1HHcd1EfkhWrAwhem95P.PPDm',1,1,'Feminin',NULL,NULL,'00219'),(220,'CD0022033','Disulayi','Jean Paul',50,'','+243997504531',NULL,'9','00030','2020-10-27 00:00:00','2020-10-27 00:00:00','johnpy2disulayi@gmail.com','$2y$10$ah3Uhhw//18wudm5WmqSM./JCX6ugQEhFs2c7hCnpkDC9/kTZnhy6',1,1,'Masculin',NULL,NULL,'00220'),(221,'CD0022143','Kitambungi','Ghislain',50,'','+243814440191',NULL,'9','00030','2020-10-27 00:00:00','2020-10-27 00:00:00','tcvsarl@gmail.com','$2y$10$si7sD2rS1vbW6H.jY3zyIe6kxu7kJEFbRxcQ8t4QqR/NisaNXpGE.',1,1,'Masculin',NULL,NULL,'00221'),(222,'CD0022210','TUICHY','Kevin',50,'','+243814719299',NULL,'9','00030','2020-10-27 00:00:00','2020-10-27 00:00:00','kaslapacasbl@yahoo.fr','$2y$10$G9ZTUSllicxv8RkqPOl/XeWn1AjdoWxVRnp4vo0fMv2BHRojrUTjW',1,1,'Masculin',NULL,NULL,'00222'),(223,'GA0022330','TCHOKOMANI','ERIC',77,'','+241 05 58 06 92',NULL,'9','00030','2020-10-27 00:00:00','2020-10-27 00:00:00','belightlogiciels.gabon@gmail.com','$2y$10$Wg94ulnblGtYg.xklPuB0.l9SldaWps5F.syy9IxOn17DGMZ.EaC.',1,1,'Masculin',NULL,NULL,'00223'),(224,'TG0022433','ASRA BEDA','Omega Nathalie',213,'','0022892135138',NULL,'9','00030','2020-10-27 00:00:00','2020-10-27 00:00:00','asranathalie@gmail.com','$2y$10$4p3h4Av8XUoPjqJFGrmK3OtASQAEBqoHysCgcB2373F73x71JV6DS',1,1,'Feminin',NULL,NULL,'00224'),(225,'ZA0022572','MAMA','Aloys Achille Aime ',197,'','+237699591543',NULL,'1','00037','2020-10-28 00:00:00','2020-10-28 00:00:00','mamaaloysachille@gmail.com','$2y$10$o.XpOIoE3aLpl9BahOO6oeAqCixeOymatE1BS17F1FlFQ26nRsRO6',1,0,'Masculin',NULL,NULL,'00225'),(226,'GA0022629','Moudoumbet','Gilchrist',77,'','062750922',NULL,'9','00030','2020-10-28 00:00:00','2020-10-28 00:00:00','gilchrist.moudoumbet@gmail.com','$2y$10$v1nShumsULJAvpKg9trdOuPzpVFhGnkS15W4RpkuKjJ9EquWF2Aq.',1,1,'Masculin',NULL,NULL,'00226'),(227,'CD0022788','Agnes','TSHIMANGA ODIA',50,'','+243853936801',NULL,'9','00030','2020-10-28 00:00:00','2020-10-28 00:00:00','tcvsarl@gmail.com','$2y$10$nVKlSW8HCqH.8VxRqYIOuOPnGD4mviYGQF.qZOAld3QUETGeVnaNS',1,1,'Feminin',NULL,NULL,'00227'),(228,'BI0022884','Sire bright','MUCO',35,'','+25761866966',NULL,'9','00030','2020-10-28 00:00:00','2020-10-28 00:00:00','sirebright0@gmail.com','$2y$10$UhTArS6q4OuB7hQEQVHboulW3cmjoDtA0/uFsckvLdWf5DaqJNKM.',1,1,'Masculin',NULL,NULL,'00228'),(229,'CD0022922','Mulumba Kabemba','Luc',50,'','+243821420243',NULL,'9','00030','2020-10-28 00:00:00','2020-10-28 00:00:00','luckabemba43@gmail.com','$2y$10$kf6KO.HatBfTALyahDg8recFVivrKXnx4Gn7loT.QHIJOPVQ9crTC',1,1,'Masculin',NULL,NULL,'00229'),(230,'GA0023030','BILOGHE','judicaëlle',77,'','+24104367605',NULL,'9','00054','2020-11-05 00:00:00','2020-11-05 00:00:00','tcvsarl@gmail.com','$2y$10$2XHuaLK2oFv1ovumf8AEUuMt83wQyUCQ4v0it6VEBm70kvU3cBAz2',1,1,'Feminin',NULL,NULL,'00230'),(231,'CM0023138','TSAFACK','ETIENNE',37,'','677661375',NULL,'1','00001','2020-11-05 00:00:00','2020-11-05 00:00:00','tsafnoue@yahoo.fr','$2y$10$jTvQih3KHe8vxmbpVdV08Of79OqY5TcNpfeSop1OwHaAlIOyWNcGK',1,1,'Masculin',NULL,NULL,'00231'),(232,'CM0023246','LEKANE NEMPA','GHISLAIN',37,'','675660066',NULL,'1','00001','2020-11-06 00:00:00','2020-11-06 00:00:00','lekaneghislain@yahoo.fr','$2y$10$Z88zbdopUJio4bTuqUdks.ZUWBVe21VrwxlfU5eGyNZQqEvxRQChW',1,1,'Masculin',NULL,NULL,'00232');
